Id,ORGANIZATION,NAME,GENDER,SPECIALITY,ADDRESS,CITY,STATE,ZIP,LAT,LON,ENCOUNTERS,PROCEDURES
9e39ce72-554a-3329-b262-07a7a9a5ed45,74ab949d-17ac-3309-83a0-13b4405c66aa,Ted955 Reilly981,M,GENERAL PRACTICE,881 Main Street,Fitchburg,MA,01420,42.586487,-71.80521,334,0
2245423f-65e7-3e4f-8c32-669cd50f459e,b6398e07-4967-31a5-807f-380039a1f303,Aleen595 Lueilwitz711,F,GENERAL PRACTICE,19 TACOMA ST,WORCESTER,MA,016053516,42.30230485,-71.76614692511056,23,0
9edbb0ff-67ec-3108-b1b5-7a24f9225643,faffaf6a-ee1a-3673-b0b0-421a9c249244,Gustavo235 Armstrong51,M,GENERAL PRACTICE,66 WASHINGTON ST,STOUGHTON,MA,020722571,42.14415820061801,-71.10378319512402,67,0
e4200b4f-be96-3626-a617-bbd95f5f387e,17a4bae5-8b64-34d7-8144-b428be027bd0,Olympia319 Ward668,F,GENERAL PRACTICE,512 MAIN STREET  SUITE 211,SHREWSBURY,MA,015456406,42.295109499999995,-71.71808471110307,6,0
00ef8840-6252-3aab-a2d1-bdddd15019c8,4112b8b1-59df-3255-a7ca-f42ee0a4cb2e,Ambrose149 Feeney44,M,GENERAL PRACTICE,37 ROUTE 6A,SANDWICH,MA,025631801,41.766329400000004,-70.5147600346998,2,0
3a2f2983-8e9e-3333-96de-511b0d2b6ea3,e09d4c49-c2ef-3b0f-9a46-3719d9219306,Jules135 Emard19,M,GENERAL PRACTICE,60 HOSPITAL RD,LEOMINSTER,MA,014533290,42.54031915,-71.76312990486304,669,0
8943f5a3-db15-3281-9bc3-a58609532743,ef5390b4-cba5-3d83-96db-af783a7adb43,Evan94 Anderson154,F,GENERAL PRACTICE,360 MERRIMACK ST,MALDEN,MA,021482329,42.4250964,-71.066163,3,0
939485d8-5816-3fc5-a5ce-67c841060a53,03d0392a-7361-32b3-81c9-8c8ac985be00,Cameron381 Daniel959,F,GENERAL PRACTICE,280 WASHINGTON ST STE 204,BROOKLINE,MA,024451922,42.33302785,-71.1193506756953,32,0
f6d0caeb-bfea-3225-aaba-e2c604d74590,e3089df2-a1db-372a-b660-30392d8c197b,Marylynn944 Waters156,F,GENERAL PRACTICE,178 N MAIN ST,SHARON,MA,020671229,42.13301625,-71.17263163492832,69,0
b9c035c2-bc05-33aa-9563-cebff2fc0f38,42d4b607-f14d-370a-818e-40965685776c,Luisa710 Piña753,F,GENERAL PRACTICE,3 WASHINGTON ST STE 220,NORTH EASTON,MA,023561034,42.0667665,-71.1036592,72,0
8a20ea94-fd76-3694-a4c0-6893605b03cb,ab701a70-a658-340e-8f69-ee196a7d40c6,Elisa944 Villegas15,F,GENERAL PRACTICE,484 RTE 134,WORCESTER,MA,016071728,42.2625621,-71.8018877,83,0
f1ad1940-9642-39fb-8538-58e64c79636b,11ba6a26-59b4-3728-a268-6dc9929962b4,Angelic427 McCullough561,F,GENERAL PRACTICE,200 GOVERNORS AVENUE,MEDFORD,MA,021551644,42.42711615,-71.1121606632448,10,0
07e254a9-d4d6-3ca4-b781-3d88998e124f,bee866be-d41f-3259-97b2-0e10331c6c16,Emory494 Sawayn19,M,GENERAL PRACTICE,589 HIGHLAND AVE,NEEDHAM,MA,024942205,42.300873100000004,-71.22988027903574,2,0
2c5d584c-11aa-3283-bdab-17988d599e02,dcbd0460-9bcf-3e7d-a923-1d22bcc5a9bd,Salvador46 Dooley940,M,GENERAL PRACTICE,279 DALTON AVENUE  SUITE B,PITTSFIELD,MA,012013500,42.4606344,-73.22185917597403,4,0
0e85649c-5e35-379d-b9e9-41de019d39cd,88e28a1c-aad9-36d0-832b-b579ecb95c3d,Cherish740 Toy286,F,GENERAL PRACTICE,14 MANNING AVENUE,LEOMINSTER,MA,014535768,42.5253035,-71.7584413,50,0
fd332031-8c1a-3b51-b863-e8df12aafb3d,4cf79e95-2815-3a4c-a3b8-951fe548dd27,Tracey100 Champlin946,F,GENERAL PRACTICE,20 ELM ST,PITTSFIELD,MA,012016502,42.4458896,-73.2448206979669,34,0
17867279-a6b3-3992-8d6f-0e481c03659a,52ecddd8-42f6-35cc-88a5-cf474c02fb49,Javier97 Otero621,M,GENERAL PRACTICE,94 OBERY STREET,PLYMOUTH,MA,023602130,41.93725,-70.65503160208334,13,0
a2eab10b-f8ac-3475-b251-96d5d2bbc747,05bcaa3e-aa5d-3b03-ba26-7e4d2e083681,Kurt412 Howe413,M,GENERAL PRACTICE,1 LOVE LN,SOUTH DENNIS,MA,026603445,41.699084799999994,-70.13271830347861,2,0
c1f2f670-bf0c-300f-a576-ee310a587af3,3f4167a5-1477-35da-a456-fc05c8858aa7,Chance908 Bednar518,M,GENERAL PRACTICE,244 MAIN STREET ANNEX,WORCESTER,MA,016023339,42.2625621,-71.8018877,41,0
2d23d95f-24dd-34be-8b99-fa9d92646522,1311c44a-85cb-3aea-a143-e5d7892ced8b,Rudolf736 Reinger292,M,GENERAL PRACTICE,300 KENSINGTON AVE,SPRINGFIELD,MA,011071139,42.091896,-72.559437,68,0
a2fe708f-3673-3f8a-b4e3-837252cab43a,1a40cadb-d382-3853-9975-8b74417f291b,Williams176 Kilback373,M,GENERAL PRACTICE,300 BROOKSBY VILLAGE DRIVE,PEABODY,MA,019601445,42.55186086054086,-70.97261268384547,7,0
865e3506-86cd-3cab-83c9-dd55cff547f7,4bf8af75-4da2-331d-b94e-9975a887face,Gussie514 Mosciski958,F,GENERAL PRACTICE,57 PROSPECT ST,NANTUCKET,MA,025542799,41.27514065,-70.10108985970798,42,0
4139a934-4d0c-3af1-80bf-2d2ca87a6198,b4359169-6bc8-3e93-9e0c-19c6bf518e58,Kurt412 Auer97,M,GENERAL PRACTICE,126 MONUMENT ST,HAVERHILL,MA,018322527,42.78715445,-71.10946686154523,1,0
506e5a6a-30cf-3113-8f00-cae27f5e9ade,4846e68f-845b-38e6-aa40-48196bf9ff0e,Tomás404 Coronado577,M,GENERAL PRACTICE,130 COLRAIN RD,GREENFIELD,MA,013019625,42.59140995,-72.62336230812821,4,0
ca397cbb-ca77-32f7-8a9d-377f0162c3e4,667b46fe-0afa-3f70-a311-bbe3d52db050,Maricarmen445 Caballero789,F,GENERAL PRACTICE,757 BOSTON POST RD,WORCESTER,MA,016071728,42.231371,-72.165386,6,0
f1151f7a-6192-3254-ba5c-12ab56c2cc83,a4af40b8-0ddb-34bb-ae4a-95a17e9ad6f3,Cristopher265 Heaney114,M,GENERAL PRACTICE,100 MYLES STANDISH BOULEVARD  SUITE 103,TAUNTON,MA,027807340,41.948930849999996,-71.14141318475193,4,0
e6b433ba-0d29-3bda-9757-89929cd39337,7f08f09e-c5f7-38cd-83ba-ddafedd88a13,Shayne60 Pacocha935,M,GENERAL PRACTICE,133 SALEM ST,REVERE,MA,021511114,42.43833805,-71.01730877599738,1,0
633d684f-3926-3364-9706-451282ce07f7,8f0ec876-22d3-3986-892e-4c2052d0fffa,Edwardo860 Harris789,M,GENERAL PRACTICE,94 SUMMER ST,FITCHBURG,MA,014205761,42.57835885,-71.78584786190521,3,0
e5b44472-26f8-342e-a76d-b5679d557e45,5fcff9db-16e4-3e56-aa78-abbc16338097,Marcus77 Schamberger479,M,GENERAL PRACTICE,295 VARNUM AVE,WESTFORD,MA,018863513,42.5792583,-71.4378411,626,0
e5e5ac79-071b-37c5-963b-8952126ad85e,fa09396a-2926-3b21-ad0c-9f6cabbce0eb,Raquel318 Zaragoza109,F,GENERAL PRACTICE,1210 BOSTON PROVIDENCE TPKE,NORWOOD,MA,020625061,42.1714075,-71.1951186,3,0
a513169a-46d7-3e55-b404-1faad2179445,cce87420-edd2-3473-9d82-5633f05186a7,Loise968 Keebler762,F,GENERAL PRACTICE,121 NORTHBORO RD E,MARLBOROUGH,MA,017521844,42.3420796,-71.58749123634463,1,0
f1e0d45d-6926-3a71-bd28-ddda1f53a7dc,1ddd51d1-7297-3c3b-bad5-98aecd5e4a79,Dinah304 Kub800,F,GENERAL PRACTICE,127 CAMBRIDGE STREET  SUTIE #2B,BURLINGTON,MA,018033735,42.50188325,-71.19559351572005,11,0
70d0535a-f394-34e4-8f8d-a09f80042c0c,4cb90b5f-734d-322f-a2f2-776824e1ce35,Lesha323 Emard19,F,GENERAL PRACTICE,770 CONVERSE STREET,LONGMEADOW,MA,011061719,42.0639853,-72.5521444,18,0
4806bfee-7718-3ee1-b453-8559b95ac451,93c3d861-e05d-33b9-91eb-1768470229d7,Phoebe31 Thiel172,F,GENERAL PRACTICE,10 CENTENNIAL DR,PEABODY,MA,019607938,42.5261827,-70.9529896,54,0
e9852a5b-e797-3346-b9db-1fddf338ca4d,233b0cce-d2eb-3d4e-bbfb-539cb9dccf4c,Rosana394 Christiansen251,F,GENERAL PRACTICE,100 LOCKE DR,MARLBOROUGH,MA,017527235,42.34926605,-71.580845441892,1,0
7ea2fd34-6072-3e39-945d-9d5061f9bcc0,c272e12f-e154-3fee-b05d-b7c0cab2657d,Shasta644 King743,F,GENERAL PRACTICE,800 WASHINGTON ST,NORWOOD,MA,020623487,42.1886973,-71.2005241,32,0
98d07481-b286-394c-82c9-7bb65ae75dbb,8d0f0e66-b1dc-37fd-8b4e-0dcb6b3b446e,Krystal150 Pollich983,F,GENERAL PRACTICE,200 Springs Rd.,Bedford,MA,01730,42.503376,-71.272644,7,0
fc560ba8-52e4-3327-9773-54f9b11c149c,b99b7849-2b53-33fb-8ce2-e3a95f17ae51,Carlos172 Longoria249,M,GENERAL PRACTICE,910 BOSTON POST ROAD SUITE 320,MARLBOROUGH,MA,017523761,42.355106,-71.47654,4,0
ee2085aa-ace1-3d31-9cea-a9d8f298e5f5,f6a306cf-7bd6-35f4-a6b7-2d07d273914c,Ariel183 Von197,M,GENERAL PRACTICE,63 FOUNTAIN ST STE 402,FRAMINGHAM,MA,017026280,42.27595495,-71.42631150114194,57,0
440bbc4c-3569-34a8-89d8-18a8c62111c1,32fcdfba-8c93-30f4-b15b-dd3b65c29deb,Jody426 Bernhard322,M,GENERAL PRACTICE,20 NORTH MAPLE STREET,HADLEY,MA,010359715,42.3615107,-72.55261320852942,7,0
14ae95c9-ae21-3ada-ae02-46bd02698561,0ddb0329-b59d-3187-874c-602c649249c8,Carmen818 Lebrón484,F,GENERAL PRACTICE,115 W SILVER ST,WESTFIELD,MA,010853678,42.1178811,-72.75935246865802,11,0
9affec31-9090-3543-9025-e90660e79931,2cf06ddc-4c55-3c91-98f1-fb0188079c27,Shelby741 Rolfson709,M,GENERAL PRACTICE,10 VETERANS MEMORIAL DRIVE,MILFORD,MA,017572900,42.14682295,-71.50153080894427,1,0
b72429c3-7621-3458-9770-9bb99b805e43,02c936e2-3aee-38b2-88a4-81f3689b7bb7,Aaron697 Kohler843,M,GENERAL PRACTICE,120 FISHER AVENUE,BOSTON,MA,021203320,42.3276141,-71.1051603,21,0
b7b2563f-ba42-3b20-8624-c0195619df73,609ec9f1-e806-3427-b912-9e3b2915521d,Rodrigo242 Rico947,M,GENERAL PRACTICE,575 BEECH STREET,HOLYOKE,MA,010406604,42.20105435,-72.628169560868,13,0
e8f72264-f2c7-3481-b136-631a841ccfb1,bff65303-97b4-3841-950a-1c9e9e735de0,Alline927 Schimmel440,F,GENERAL PRACTICE,100 AMITY ST,FALL RIVER,MA,027212202,41.6737661,-71.16934217317342,2,0
14bdad12-588e-3b29-81f8-fe6c95797e52,bf556284-7513-3620-a10e-5393183a9a87,Tabatha105 Roob72,F,GENERAL PRACTICE,795 MIDDLE ST,FALL RIVER,MA,027211733,41.6924092,-71.16345107025307,38,0
702f0609-16d4-3912-9906-f79e0d3560c5,7b9a19b2-d900-3f93-a47b-4b88491fb57b,Tommy814 Witting912,F,GENERAL PRACTICE,308 KINGSTOWN WAY,DUXBURY,MA,023324647,42.030389650000004,-70.73959947632582,1,0
94d229cb-7697-3b51-a8a0-2ef2ab88c186,4ffa4412-1493-3beb-b8f0-6614dde953a4,Sulema841 Ryan260,F,GENERAL PRACTICE,363 HIGHLAND AVENUE,WAREHAM,MA,025715011,41.745636,-70.658192,386,0
aca23aa7-b674-3550-a488-c3cb1d28ee9c,ede4a423-6258-3ef5-b5ba-0fa6bb579563,Pablo44 Paucek755,M,GENERAL PRACTICE,326 NICHOLS ROAD,FITCHBURG,MA,014205478,42.5974358,-71.80761197366103,67,0
81bc047d-f06b-3594-892d-633a59932441,a14e698d-a9ba-3eae-9c8b-682ec726433d,Brian582 Cummerata161,M,GENERAL PRACTICE,776 WESTERN AVE,LYNN,MA,019052408,42.466763,-70.9494939,316,0
5c66aea6-4a16-3ba7-b15a-d4a927a40b7e,4c1a8ea6-b690-3c28-a02e-ebd82190ee65,Hui924 Cronin387,F,GENERAL PRACTICE,885 WASHINGTON ST,BOSTON,MA,021111415,42.3479909,-71.064924,5,0
7ea2ee19-57ca-3789-b9ce-c27e26820083,5ba6765a-f335-36b0-9c6a-6bb494c5330d,Carlota980 Solís294,F,GENERAL PRACTICE,31 OLD ROUTE 7,WESTWOOD,MA,020902333,42.2139873,-71.2244987,6,0
dcc3a391-5f32-33e6-8fdd-bc177dd0afb4,b6eeaaf7-1683-3bcb-b6ee-81ce304636ef,Ariane992 Pagac496,F,GENERAL PRACTICE,170 GOVERNORS AVE,MELROSE,MA,021763225,42.4564323,-71.064182,396,0
32e08dba-8064-3eac-9d9b-65c27438674c,1c42af32-f17e-32ec-b007-4ff8e2de493e,Sherman440 Wunsch504,M,GENERAL PRACTICE,235 NORTH PEARL STREET,STOUGHTON,MA,020723396,42.1004556,-71.0668392,2,0
e8ae1426-b606-319a-ad61-6ebd4b956867,65eda534-1bdc-3192-8d02-1c3764447790,Shanell37 Hand679,F,GENERAL PRACTICE,1244 BOYLSTON ST,CHESTNUT HILL,MA,024672115,42.3214927,-71.1711481,95,0
a36007f7-a859-3376-b400-4c94da60f6d5,14932db8-e179-331d-98ad-dc1c352cb6d3,Lora418 Barrows492,F,GENERAL PRACTICE,743 MAIN ST,MELROSE,MA,021762707,42.460108950000006,-71.06216841036309,1,0
8a9be3ba-0322-3dc5-98f2-7996c0fbf624,d613e441-68e8-3502-8adb-3f770a1276bf,Colin861 Witting912,M,GENERAL PRACTICE,114 WATER ST,MILFORD,MA,017573007,42.13661855,-71.53474614336832,28,0
f6a91447-b532-352f-96ef-5ca466d34a54,de29a374-221b-3cb4-8051-a02c1a35e5b7,Gwyneth692 Marvin195,F,GENERAL PRACTICE,562 WASHINGTON ST,SOUTH ATTLEBORO,MA,027036942,41.912892049999996,-71.36135809627689,40,0
7c63cf18-b9ba-327f-8bb9-870277ea8a2a,b03b624d-c939-3688-986d-9555b8009a3b,Bennett146 Hartmann983,M,GENERAL PRACTICE,230 MAPLE ST,HOLYOKE,MA,010405144,42.207406,-72.608419,88,0
d43bf2ca-bdcc-36ab-8119-4d88a8077c29,d3085315-9893-34c7-8889-3a31dc17c2b0,Ethyl508 Rau926,F,GENERAL PRACTICE,1428 MAIN ST STE 7,WALPOLE,MA,020811729,42.1325911,-71.2618886,45,0
41bc447a-6bda-335c-9711-ab2a2df52fa7,ace1ac31-036a-38fd-b451-b3b87157c717,Alejandra902 Thompson596,F,GENERAL PRACTICE,170 MORTON ST,BOSTON,MA,021303735,42.299067750000006,-71.10124351911541,34,0
1a8c4232-56f9-32ba-b359-7394c0cc5e68,18061fd5-fda8-3e2d-87f0-0f3c87211bcc,Omer483 Koepp521,M,GENERAL PRACTICE,1493 CAMBRIDGE ST,SOMERVILLE,MA,021431408,42.3875968,-71.0994968,61,0
f7557f5c-bce7-393e-b6d3-8760515d42ff,76281d34-caff-30e0-8545-bcdf33182109,Jane262 Schmeler639,F,GENERAL PRACTICE,500 WILBUR AVENUE,SOMERSET,MA,027252051,41.72075205,-71.16843052114558,2,0
483183af-ddec-3cf7-b73d-8fca33fa766c,7e97f720-f99d-3402-98a4-a144aaa5bd01,Raquel318 Valles311,F,GENERAL PRACTICE,210 JONES RD,FALMOUTH,MA,025402974,41.5614958,-70.6117407224321,25,0
a41bb79c-6344-3cc0-9178-db93a59ada7b,b3ada130-6443-3a8e-98c7-4ec127a2b0c4,Natalya468 Haley279,F,GENERAL PRACTICE,ONE GREAT ROAD,ACTON,MA,017205601,42.4850931,-71.43284,7,0
96e08255-5650-33bb-be6d-1d3af6308509,7489f6e0-fee6-3fff-90b6-444868eb907c,Kasey569 Rau926,M,GENERAL PRACTICE,1 KIDDIE DRIVE  SUITE 106,AVON,MA,023221182,42.130150349999994,-71.05720685110387,3,0
ac5cf4d8-b1a6-3d12-80dd-9f99af28d782,acffdfa8-1383-3929-8c99-e73969491439,Warren653 O'Keefe54,M,GENERAL PRACTICE,1153 CENTRE ST,BOSTON,MA,021303446,42.3017598,-71.12855793387442,4,0
a2e16806-be4e-37ea-ae27-a69dd8ea1325,43e33b67-64ac-3314-99ee-114fb2b56b80,Vera718 Cummerata161,F,GENERAL PRACTICE,200 HILLSIDE CIRCLE  SUITE 2,WEST SPRINGFIELD,MA,010894681,42.105237,-72.6213712,8,0
e44bcbf5-5582-3114-8764-b7ea09e4b6d3,1e11392b-1278-3e70-93cd-f396cbd0c265,Gerry91 Block661,F,GENERAL PRACTICE,115 LINCOLN ST,NATICK,MA,017607700,42.2843753,-71.3441395,187,0
ccf36c9a-cb39-3a94-8c31-ea02e89df31e,fe30f2b4-9bc8-346e-afba-4455d1766545,Georgetta870 Turner526,F,GENERAL PRACTICE,17 LAFAYETTE AVENUE,CHELSEA,MA,021502010,42.40019115,-71.03050082480353,18,0
e4957882-7886-39c9-98d6-fa9e9707883a,6cf8a214-8d57-3267-85e5-7719e15cd63e,Michel472 Zulauf375,M,GENERAL PRACTICE,170 MORTON STREET,JAMAICA PLAIN,MA,021303735,42.299067750000006,-71.10124351911541,24,0
89c360fe-9aeb-300d-9c64-fc4578becc04,13161e5b-02d2-3d19-8b48-26ef0becfc83,Erasmo545 Crooks415,M,GENERAL PRACTICE,165 CAPTAIN'S ROW,CHELSEA,MA,021504019,42.3917638,-71.0328284,9,0
45deab8a-3754-3885-a5d3-a959dc9ec6f8,4bc0cc09-77e5-37f5-844d-64a6637cae54,Inés791 Ávila241,F,GENERAL PRACTICE,91 EAST MOUNTAIN ROAD,WESTFIELD,MA,010851801,42.110743549999995,-72.70066160206358,176,0
c501b5af-3b26-3df1-bd6a-3ed024b2d7f3,2fd34be1-9720-3dad-b8bd-815e173b92fb,Damon455 Orn563,M,GENERAL PRACTICE,87 HERRICK ST,BEVERLY,MA,019152773,42.56523335,-70.87472842494441,1,0
1e97bc6a-6685-3f2f-88fe-14dbcc57ca55,0fedae9f-701f-3317-9b2f-69aea2202cdc,Willian804 Batz141,M,GENERAL PRACTICE,88 EAST NEWTON STREET,WINTHROP,MA,021522715,42.3750976,-70.982827,360,0
d0486770-7b32-3099-b777-aca4c69cedc8,0cc04ba5-137a-3ef8-acda-e79b25960b2a,Fallon874 Homenick806,F,GENERAL PRACTICE,25 ADAMS ROAD,WILLIAMSTOWN,MA,012672928,42.7009605,-73.18515951851253,5,0
0b56b14b-72fc-3524-a976-dadc6aafbf3b,733fc7d0-7cf3-3995-82ef-a9883b807273,Melissa844 Yundt842,F,GENERAL PRACTICE,175 FRANKLIN STREET,NORTH ADAMS,MA,012472712,42.70707,-73.10094536747326,13,0
ae5fd346-cd0b-38b3-aaaf-b4239bdc0e53,9ab139f5-d278-31b4-b44e-feffdea65613,Dexter530 White193,M,GENERAL PRACTICE,88 ROUTE 6A 101,SANDWICH,MA,025631866,41.764922,-70.502215,35,0
afb8c045-1b63-3893-8a4a-7c570467f205,aade280a-3b90-3e48-9648-91109a964a63,Josef103 Klein929,M,GENERAL PRACTICE,909 SUMNER ST,DARTMOUTH,MA,027473826,41.6332267,-70.9879928,45,0
a87df954-9a64-3df6-b14f-d533f495177d,6adc9d34-9b73-3285-abb7-56e567f1ba26,Keven605 Wunsch504,M,GENERAL PRACTICE,271 NAHANT RD,NAHANT,MA,019081341,42.42554385,-70.91995214383596,1,0
d4eeb290-e7c4-3c8c-9c1e-e68fca03d343,18764c6a-31fe-391c-80ac-6a5b761e06d6,Chadwick722 Doyle959,M,GENERAL PRACTICE,19 OBERY ST,PLYMOUTH,MA,023602129,41.94456995,-70.64966444737888,1,0
32106117-4a95-3818-a4d9-db881ca203dd,981338c4-287c-3621-bc45-8b0b9f1b8922,Denis399 Kohler843,M,GENERAL PRACTICE,640 BOLTON ST,MARLBOROUGH,MA,017523999,42.3658183,-71.55914630258509,50,0
4a0d28db-7887-362e-8833-7be632fc4fee,96e9e829-0b71-3ad3-8b41-60e25b5d47d7,Lesley194 Crooks415,F,GENERAL PRACTICE,111 ORIENT AVE,EAST BOSTON,MA,021281006,42.39055278090538,-71.00587148689957,1,0
05343128-48a4-3aa8-a594-5446ed9537a5,e59fb2d5-508c-38c6-af2e-21d8216dd2b0,Logan497 Fisher429,M,GENERAL PRACTICE,759 CHESTNUT ST,WARE,MA,010821625,42.256476,-72.237482,45,0
872290fe-f22f-3f11-9db3-477a8eb9a273,7a3b8310-02eb-3c47-aa1b-3f55b3ed9de9,Lauretta754 Dare640,F,GENERAL PRACTICE,6 HATFIELD ST,NORTHAMPTON,MA,010602545,42.333172950000005,-72.6566355591273,7,0
3da026af-6a24-302e-af93-c866c9cb726a,ecadbc11-930c-3903-b706-f8ef4bc9089e,Earlene410 Baumbach677,F,GENERAL PRACTICE,780 CHESTNUT ST,SPRINGFIELD,MA,011031109,42.1211633,-72.60614164702717,33,0
9ae36064-8295-3b35-bf97-0fa04e9a37eb,0f9d1260-db33-3483-b2b6-5483cfcb739c,Lizette501 Lebsack687,F,GENERAL PRACTICE,361 WOODWARD ST,WABAN,MA,024682027,42.326011949999994,-71.2254251580706,41,0
85921115-2fe4-3e56-93b1-44c4869d465a,794b1cc2-97be-30a4-83a0-4bf6add43c74,Hugo693 Gutmann970,M,GENERAL PRACTICE,215 THATCHER STREET,BROCKTON,MA,023023949,42.0740963,-70.99660306096918,15,0
56f4fdb0-cc0c-3843-9f66-213e87eabe3f,440fa4b8-c731-3cf5-81d9-aa3f30a37b95,Joanna347 Abbott774,F,GENERAL PRACTICE,41 & 45 MALL ROAD,PEABODY,MA,019602901,42.5278731,-70.9286609,341,0
1b4c9a97-377a-310b-a25d-cc7a4ffb3750,a1434ca1-a1ac-3884-abc7-fc4c35cc8b68,Connie24 Dietrich576,F,GENERAL PRACTICE,390 ORLEANS ROAD,NORTH CHATHAM,MA,026501154,41.700306363636365,-69.96549390909091,1,0
8cf27462-61ba-3432-9f8b-5c59c4fde99f,0fab3c4e-a028-39a6-b15a-be5a88b6aa2a,Miyoko154 Paucek755,F,GENERAL PRACTICE,222 STATE STREET,LUDLOW,MA,010563437,42.15547415,-72.47222226666076,4,0
01aee051-0d48-3749-a44a-4e1c14944b4b,b0016371-afcb-37a6-8f90-5e3786e7806f,Irene779 Águilar229,F,GENERAL PRACTICE,629 SALISBURY ST,WORCESTER,MA,016091120,42.2932691,-71.8390048,2,0
dc4a11cd-cb04-300e-abac-5c73bb4f4857,3b021cb6-4745-3d9d-8436-230055f770bd,Eleni953 Franecki195,F,GENERAL PRACTICE,148 CHESTNUT ST,NEEDHAM,MA,024943238,42.27728075,-71.23665362814043,206,0
6712a8f8-c380-3bba-9b5a-22805f7dc699,83f59b06-c094-345b-afae-856f22c1ac2c,Justin359 Gutmann970,M,GENERAL PRACTICE,255 Park Ave Suite # 900,Worcester,MA,01609,42.265556,-71.818665,135,0
fb2ea664-5118-3d0e-bc29-e7eea58b03a4,ce53c877-0290-390a-b4b4-2462001a1713,Greg949 Hilll811,M,GENERAL PRACTICE,847 ROGERS STREET  SUITE 201,LOWELL,MA,018524345,42.6275246,-71.27673639687623,10,0
7d8e1a7a-9207-3687-8787-ac9dee2ae1e0,e9a24be5-b0a3-3fd2-a606-dd13498024ea,Estella474 O'Hara248,F,GENERAL PRACTICE,85 E MAIN ST STE A,NORTON,MA,027662307,41.971697,-71.17689334021827,43,0
129f4846-e96c-3c0f-8695-ba992a0b8e59,57e4e5fa-d68d-3caa-a5ad-37beb1b51207,María José279 Delgado712,F,GENERAL PRACTICE,800 WASHINGTON ST,NORWOOD,MA,020623487,42.1886973,-71.2005241,4,0
1ad028c8-5128-38c4-9f21-a11d27011c22,2befa435-3070-3350-a15c-e43ac1e84b24,Mateo562 Arredondo74,M,GENERAL PRACTICE,575 BEECH STREET,HOLYOKE,MA,010406604,42.20105435,-72.628169560868,6,0
99fcb5dc-d76b-3884-8d1c-c8014ea3af5c,c92cc255-6778-3307-8092-987d667be4ce,Merle11 Bogisich202,M,GENERAL PRACTICE,89 FOSTER ST,PEABODY,MA,019608925,42.5278731,-70.9286609,60,0
5112aa39-5498-3e6e-b65f-6a68e1b4c921,00ffb204-07b4-3c72-a678-fa252e6cf86c,Kathlene786 Satterfield305,F,GENERAL PRACTICE,450 BEDFORD ST,LEXINGTON,MA,02420,42.47370735,-71.25090005,94,0
87a6022b-1faf-36a5-94d2-202e20829e1d,ad82d624-72eb-3c7d-a76d-79f2668d1390,Georgianne697 Howe413,F,GENERAL PRACTICE,3 WOODLAND RD,STONEHAM,MA,021801711,42.452443099999996,-71.08939988105112,125,0
a690c625-1005-3475-a9aa-6cfe0947ea93,b8421363-9807-3b16-a146-95336eea5cfb,Nicolás801 Covarrubias273,M,GENERAL PRACTICE,30 LOCUST ST,NORTHAMPTON,MA,010602052,42.33032115,-72.65330802608176,247,0
a2f5ae2f-b33d-38bf-90a9-d28c8c001b55,8424b5ec-ba0a-32e9-94ae-a9d397884093,Booker670 Casper496,M,GENERAL PRACTICE,49 BLANCHARD STREET  SUITE 101,LAWRENCE,MA,018431456,42.69651155,-71.1612176954981,4,0
95019dab-43ab-3225-a30b-38480718c389,3498e7d3-90fd-366b-bc6a-6f41dad6bae6,Pat3 Bradtke547,M,GENERAL PRACTICE,112 WEST MAIN STREET,NORTHBOROUGH,MA,015321824,42.318559050000005,-71.65097281611972,16,0
c070cbd9-b584-33c3-9783-d8644895cc31,945104f1-4b95-3eed-bd02-5efa0afbf34d,Rodrigo242 Ocampo729,M,GENERAL PRACTICE,20 CENTRAL AVE # 506,LYNN,MA,019011201,42.46410018181818,-70.9465129090909,2,0
f951a689-76e2-3665-8d46-b36f8f267cf9,3076e02a-deac-3e81-96a9-1d32cbda6fca,Cecil300 Kilback373,M,GENERAL PRACTICE,59 EASTWOOD CIRCLE,GARDNER,MA,014403901,42.567006649999996,-71.97817904424542,11,0
05b8d048-c821-3f58-b6fa-9ab249740972,752c7570-1637-36cf-8b74-03ea3acfa98c,Hiram237 Moen819,M,GENERAL PRACTICE,12 LITTLEVILLE RD,HUNTINGTON,MA,010509761,42.257603957277915,-72.87133712317558,134,0
e862d50b-9c66-3558-bd9c-7a7a7872b900,fbd4ccdf-2fdb-3652-9bbe-1ccff886bd34,Tana168 Collins926,F,GENERAL PRACTICE,320 CENTRAL STREET  UNIT A2,SAUGUS,MA,019062372,42.4632069,-71.0093761,32,0
6e1536c0-bdb1-3d6d-ab67-28ad2cb685bf,136e0049-9edf-355f-9d7c-aabc5c74761d,Leonardo412 Schiller186,M,GENERAL PRACTICE,255 LEBANON AVE,PITTSFIELD,MA,012017828,42.4320582,-73.3065210384207,1,0
a15c996e-4c2a-3911-b311-c628970aea34,901c2d40-1ca3-3879-9a20-c663b8adc0a9,Chanelle850 Schuster709,F,GENERAL PRACTICE,800 WASHINGTON STREET,STONEHAM,MA,021802445,42.4863168,-71.0928919,505,0
69315ff0-02ee-306a-bde5-d211fc85ab33,e6cc6043-299a-3581-8f6b-b3b5d62c46ae,Ellen406 Farrell962,F,GENERAL PRACTICE,532 SUMNER AVE,SPRINGFIELD,MA,011082458,42.08631583333334,-72.55792579166666,41,0
17ce4138-f9a1-3b44-ac0e-df8d1ce349ab,b9e35b8a-9831-32d8-a6dc-d7a546c126b0,Gerardo48 Montez99,M,GENERAL PRACTICE,111 HUNTOON MEMORIAL HIGHWAY  1ST FLOOR,SPRINGFIELD,MA,011092550,42.1018764,-72.5886727,556,0
fe0ed5a6-12a8-3afb-b1bd-97b8e3e2452a,22249c0a-8ce9-3726-a3bb-b037c773ce5c,Thaddeus38 Sauer652,M,GENERAL PRACTICE,337 NEPONSET AVENUE,DORCHESTER,MA,021223103,42.2875144,-71.0470691675753,16,0
32dd9d0d-f0ad-3801-8f5e-8bd6ee6891a5,18df2721-3f76-3f83-94d5-63597cedd298,Kylee806 Romaguera67,F,GENERAL PRACTICE,909 SUMNER ST,STOUGHTON,MA,020723396,42.1005097,-71.0830269025407,144,0
86b6705b-1096-39a3-b2fb-0efd877f2192,38508743-50d1-3429-8fe2-37e42ddaf20e,Marth98 Mayer370,F,GENERAL PRACTICE,164 HIGH ST,GREENFIELD,MA,013012778,42.595268700000005,-72.59288632376354,389,0
a2051b77-b95f-3688-8c73-6683cc8c536e,328f813e-4de8-3ec2-a113-43f3ddfb0b2a,Mateo562 García15,M,GENERAL PRACTICE,30-40 WESTPARK STREET,BROCKTON,MA,023015241,42.0834335,-71.0183787,122,0
66b03848-18a2-3ffc-9a7b-b34f9fe8786b,200746fc-5d0f-3ec7-a2a9-3d9a219ee139,Latrisha74 Rippin620,F,GENERAL PRACTICE,800 CUMMINGS PARK  SUITE 3100,WOBURN,MA,018016355,42.4977745,-71.1237712,16,0
993cc237-55de-3591-b618-8d14351dabdb,d6600c68-8a26-3a88-86e2-99517365c10a,Jerald662 Wolf938,M,GENERAL PRACTICE,175 Elm Street,New Bedford,MA,02740,41.635937,-70.92991,9,0
87e5b517-e41c-3881-a005-069e9af2193b,954e01a8-3b27-314e-9c77-254f1ac9c917,Graciela518 Lehner980,F,GENERAL PRACTICE,116 Long Pond Road,Plymouth,MA,02360,41.924313,-70.656654,77,0
4f042bc4-fbdc-30ee-8b55-d1d2a8be991e,dd3307db-114c-3f11-be44-a9eef6bb3fc5,Evelin941 Ratke343,F,GENERAL PRACTICE,269 UNION STREET,LYNN,MA,019011201,42.4652772,-70.94362420273097,28,0
69f683c9-ecb7-34d7-89bc-b7399eb98271,1d87bbfa-19aa-3128-adca-420ff8d5a12a,Junior695 Pacocha935,M,GENERAL PRACTICE,771 CHURCH ST,NORTH ADAMS,MA,012474109,42.680927100000005,-73.09950699822534,33,0
904c38d9-ef06-3e27-88d1-92dd8336e434,9285ca02-6788-3ae1-b1b7-3b313abbfea1,Everett935 Dach178,M,GENERAL PRACTICE,59 COOLIDGE HILL RD,WATERTOWN,MA,024722816,42.36721805,-71.1528107445055,1,0
51103b8a-606e-37f1-ab13-7c15d88a7215,9b1f8cd0-2246-3f4f-82df-23ea314c7665,Verdie59 Bruen238,F,GENERAL PRACTICE,800 ESSEX ST,LAWRENCE,MA,018414617,42.70162725,-71.1755487945157,1,0
3b89142d-d51b-38ae-b5ec-e7dfcb916210,2e8b42f8-4300-30a9-a576-d513d1021a0a,Chris95 Haag279,M,GENERAL PRACTICE,600 CLARK RD,TEWKSBURY,MA,018761699,42.63120935,-71.27023603178071,65,0
7703ba8a-9076-366d-9f16-491cd1facbd5,0caa0116-ef9a-3d4c-bcff-9c405a9d2bda,Aubrey96 Emard19,M,GENERAL PRACTICE,105 CHESTNUT ST STE 35,PLYMOUTH,MA,023604054,41.884685,-70.847219,29,0
12d2b654-f65c-3aeb-8762-7597cc3ba9c3,5ba77f2c-8ce5-3dde-bb46-3ffcceb3bfbf,Isidra572 Quitzon246,F,GENERAL PRACTICE,188 FLORENCE ST,CHESTNUT HILL,MA,024672641,42.31835025,-71.17401686317635,2,0
e5e6340f-b55b-345e-b970-aadcc901379d,d140ed3f-2696-3e78-bd77-1c959ec4fc4d,Jamal145 Marks830,M,GENERAL PRACTICE,863 HATHAWAY ROAD,NEW BEDFORD,MA,027401916,41.6512968,-70.9669902070805,5,0
b14e7122-4069-3aa1-b0c8-05975fc69816,1cff30ba-b91f-3ea2-b80b-770d67856358,Duncan491 Halvorson124,M,GENERAL PRACTICE,359 JONES RD,FALMOUTH,MA,025403341,41.5591273,-70.60352436630029,2,0
0a02b577-e031-35c9-acc6-8ab1f5c5dc80,d4e48a16-0a60-3e90-81e5-c35b22ffe6af,Bertram873 Kutch271,M,GENERAL PRACTICE,856 STATE RD,NORTH ADAMS,MA,012473027,42.69967208677275,-73.16330754755236,3,0
f732f14f-1987-30ac-80a0-cf04214600bb,4ff8b164-4cf5-3ab4-b0f2-7ce8fda920e5,Latrisha74 Mante251,F,GENERAL PRACTICE,800 WASHINGTON ST,WORCESTER,MA,016550002,42.180483,-71.867782,106,0
387c3386-16f1-36c7-9077-344f0fd87da2,39c15c0f-5c49-311e-99d2-1fb99d80e06e,Nancie476 Homenick806,F,GENERAL PRACTICE,398 NEPONSET AVE,DORCHESTER,MA,021223134,42.286764399999996,-71.04402811508834,46,0
64445e9f-8253-35be-8975-af1b234c25ff,8f22037a-070f-3fcf-8f39-fa879f0ae107,Ina660 Hermann103,F,GENERAL PRACTICE,567 DARTMOUTH ST,S DARTMOUTH,MA,027481826,41.61112,-70.93937914285715,2,0
e883aed4-db54-3295-832d-f0b4c2c75b81,bccd7d67-203c-3d93-b6b0-bff5a146cd1d,Paulene52 Kihn564,F,GENERAL PRACTICE,286 WASHINGTON ST,STOUGHTON,MA,020721763,42.1384306,-71.1022598,57,0
9f6c385e-7725-353f-ba28-8988e7b3785f,63cb4d95-04a9-3a35-b5d9-f89e0377a48d,Thanh759 Weber641,M,GENERAL PRACTICE,211 PARK ST,ATTLEBORO,MA,027033143,41.9419187,-71.2752081695297,43,0
bdbea1f1-11e3-3cbf-be1a-dc3e994199b9,13f83225-b984-345a-a353-11237d5aadfb,Mitchell808 Schroeder447,M,GENERAL PRACTICE,450 W RIVER ST,ORANGE,MA,013641408,42.5928702,-72.32953998953418,34,0
3558f72d-7dec-30f3-983d-f721959ccb6e,6e290541-eba3-37fc-a3e2-e58f77e84c7e,Gregory545 Toy286,M,GENERAL PRACTICE,15 LENOX ST.,SPRINGFIELD,MA,011083122,42.085779,-72.55846414285715,108,0
82c9aa25-9d92-3dcf-b032-a0e54273b01e,4e880cb9-1ca0-3582-b8cf-8a59b0d2b878,Mao115 Bednar518,F,GENERAL PRACTICE,51 S CHURCH ST,PITTSFIELD,MA,012016178,42.44648205,-73.25863241543368,48,0
1d92c5b2-a60d-36fb-b0f7-fd816a5498e4,a2a41caf-758f-3962-8e5f-e6e603f93d17,Rhett759 Padberg411,M,GENERAL PRACTICE,111 HUNTOON MEMORIAL HWY,ROCHDALE,MA,015421305,42.2020225,-71.89891616754682,362,0
c93a1033-99dc-3bdd-95ce-740f45cc257d,0d24cc89-3256-330c-b36d-d8de8babef84,Delicia67 Bernhard322,F,GENERAL PRACTICE,1030 FALMOUTH RD,SOUTH YARMOUTH,MA,026641218,41.6667779,-70.1847414,67,0
815691c6-695c-3397-b681-480d9190ba7d,db28cc9a-fdfb-35a6-aef7-ab9b933ef244,Clement78 Gleason633,M,GENERAL PRACTICE,8 DANA STREET,CAMBRIDGE,MA,021385402,42.3694992,-71.11011030010101,7,0
5df4d39b-1a32-38f4-8668-9554ec53ee95,b7bec03f-a254-3059-b3f7-616d9a70d26f,Telma919 Powlowski563,F,GENERAL PRACTICE,751 SCHOOL ST,WEBSTER,MA,015702924,42.036747500000004,-71.88077470887096,1,0
84590c6c-ce50-379d-a687-dead099dc348,844a8cb2-4164-35b2-88b8-dffa2889a738,Alonzo487 Conn188,M,GENERAL PRACTICE,150 UNIVERSITY DRIVE,AMHERST,MA,010022232,42.368937,-72.53247107203978,15,0
08232e34-c8ce-3066-bf80-3b4da9fadf10,a6fb79e7-4abb-3a68-b62d-e501427fdca4,Barb55 Renner328,F,GENERAL PRACTICE,489 WASHINGTON ST STE 202,AUBURN,MA,015015709,42.187836,-71.83104,84,0
9783d727-fdfe-3300-9d40-6f142a6b7e61,756ed90d-15f4-377d-b99f-ca1de5633481,Denver542 Runte676,M,GENERAL PRACTICE,115 HOLLISTON ST,MEDWAY,MA,020531954,42.158983899999996,-71.41067830029175,1,0
36fad87d-7bf0-330c-89f2-c632ca0319a2,5117bb89-3a9f-3740-a0f1-c3a1a8d7851e,Luis923 Mesa630,M,GENERAL PRACTICE,20 ELM ST,PITTSFIELD,MA,012016502,42.4458896,-73.2448206979669,29,0
4bec72e0-6ce2-3003-8631-70b6e5653370,9d0e702d-50a0-3f4c-9126-0951d560fd4b,Otha286 Roberts511,M,GENERAL PRACTICE,189 MAY ST,WORCESTER,MA,016024339,42.25986305,-71.83597786023279,680,0
5c1daec8-4994-3d5d-84c7-0991170b3f35,f0e3e152-0b08-3819-b962-b043f63f6dc1,Kirby843 Rippin620,M,GENERAL PRACTICE,1010 VARNUM AVENUE,LOWELL,MA,018541915,42.6422606,-71.36626685573418,4,0
9883e32c-9b00-33d3-81b7-9db05a14c4ba,ea8d287f-b3a9-3800-8798-788e334ee406,Palmer257 Kuphal363,M,GENERAL PRACTICE,81 HIGHLAND AVE,SWAMPSCOTT,MA,019072928,42.4699241,-70.9171507,278,0
53e5ea1f-0502-3052-8730-37522af6e665,c7542447-e06e-32cb-b6db-243c23a0dbc2,Carson894 Krajcik437,M,GENERAL PRACTICE,30 WARREN ST,BOSTON,MA,021353602,42.3501483,-71.14393324457691,592,0
c5cae8bd-082d-38b2-ab21-86052f2838cc,d9fe2c9c-135e-3da3-8de8-1a0ff165d886,Eldridge510 Marquardt819,M,GENERAL PRACTICE,1430 MAIN ST,WORCESTER,MA,016091121,42.2492003,-71.92931780325071,33,0
30136501-503c-3c0e-bd06-43039f5d5e80,50c47685-8125-3c50-8311-8bd7ba9e9108,Beth967 McKenzie376,F,GENERAL PRACTICE,4199 WASHINGTON ST,ROSLINDALE,MA,021311733,42.2871447,-71.1277526,34,0
07a6936c-f1fd-3725-a5ed-e72484c7dc65,8bf5325a-c11b-35c4-b07d-17a5aeba8353,Penni796 Okuneva707,F,GENERAL PRACTICE,815 WORCESTER STREET,SPRINGFIELD,MA,011511001,42.1018764,-72.5886727,110,0
4ddd81e8-0a76-3a72-9e6e-1a2f505626fe,46375470-1e20-3ddc-8dc5-010ba53826b6,Clara183 Reynolds644,F,GENERAL PRACTICE,40 WRIGHT ST,PALMER,MA,010691138,42.16934095,-72.34120457065711,296,0
6f0fd9e8-397a-35fb-ad99-cd4801d28865,9d2a1656-0f4d-30d1-bc63-eb365a05529c,Lorene243 Ward668,F,GENERAL PRACTICE,235 N PEARL ST,BROCKTON,MA,023011794,42.09805395,-71.0609587194362,28,0
b572027c-06e7-3a66-a6d7-1586293db56e,aba3e6f6-4562-342e-b90f-dd61b117f394,Maryjane289 White193,F,GENERAL PRACTICE,438 CHESTNUT STREET,SPRINGFIELD,MA,011072008,42.11291091861002,-72.59692685125127,80,0
a9f6efc3-ae5a-31ad-8af6-d1824f60eb62,a4b91172-69e7-3895-bd89-b9a0868de5c2,Shanita956 Wolff180,F,GENERAL PRACTICE,651 ORCHARD ST,NEW BEDFORD,MA,027441052,41.6149879,-70.93113851963673,62,0
f8d72900-48c4-3feb-b768-d756866f203e,72f50aa0-d8c9-34dc-ac58-c428323f3bcd,Danuta945 Little434,F,GENERAL PRACTICE,55 FRUIT ST,BOSTON,MA,021142696,42.36286045,-71.06875296664998,28,0
dcb87312-0a08-373f-9983-e2ff919887f6,9203d0d2-ca7d-3421-9361-974402ffb561,Tamera164 Shields502,F,GENERAL PRACTICE,58 OLD NORTH RD,WORTHINGTON,MA,010989708,42.414246,-72.93841842197347,39,0
e20ffa3c-202c-3429-9ba2-3c472bbb71cc,1cd20733-c6b9-31f9-b7c7-0c9357fcb560,Danilo179 Kassulke119,M,GENERAL PRACTICE,40 WALNUT ST,WELLESLEY,MA,024812102,42.32553365,-71.25238403429299,50,0
3077fa8c-1a70-3934-9ea8-9d04731c9022,a194e94a-dd16-347e-95ea-8d00052c14d1,Octavio643 Gusikowski974,M,GENERAL PRACTICE,833 MAIN ST,S YARMOUTH,MA,026645254,41.65171785,-70.21464095380932,56,0
8d2feddd-409d-3487-b5c6-65cfd021e097,be509ccb-bfb7-3b87-8945-8426b689ef9d,Man114 Balistreri607,M,GENERAL PRACTICE,2049 DORCHESTER AVENUE,BOSTON,MA,021244742,42.3554334,-71.060511,38,0
c1a17bd8-f484-3049-bcb2-a42a04381383,065eba51-cef7-3976-8654-ba8e7df887ce,Traci329 Block661,F,GENERAL PRACTICE,1165 NORTH PLEASANT STREET,AMHERST,MA,01002,42.40927615,-72.52971238527101,4,0
c46d315a-bdd5-39bc-8806-dc96e736fe5c,a06b1a97-d6ce-3ea1-ba4a-2ef85a8114ab,Wanda961 Goyette777,F,GENERAL PRACTICE,400 GROTON ROAD,AYER,MA,014321171,42.57821195,-71.5733060441645,7,0
da30c498-2d0a-3474-a39d-737bf987a054,73c7eaf8-f8b3-383f-b3e1-4d8ff5ca255d,Mauro926 Bartell116,M,GENERAL PRACTICE,161 FALMOUTH RD,MASHPEE,MA,026492662,41.6314877,-70.46769809885944,1,0
8bb0a30b-c9b4-3488-8992-f64485fed2a0,1214636f-3c27-3011-a715-3191a36a2a85,Ayanna800 Ebert178,F,GENERAL PRACTICE,28 ESSEX ST,LYNN,MA,019021754,42.47493315,-70.9274241816419,1,0
4243e5ba-93eb-36de-b348-8e66c757a7fa,6873525f-1680-3ceb-b536-270d44b46e2e,Raymond398 Nicolas769,M,GENERAL PRACTICE,500 COLUMBIA RD,DORCHESTER,MA,021252322,42.3147979,-71.067633,4,0
7b423c6e-3fdc-3397-bb96-f5a7437adc5c,6c7fe370-02c4-3537-8f5e-373b2168b933,Charlesetta336 Swift555,F,GENERAL PRACTICE,60 HOSPITAL ROAD,LEOMINSTER,MA,014533791,42.54031915,-71.76312990486304,1,0
b7d71053-340d-3cfe-a137-09d98e03f9c8,9fbf3c5e-5f22-3b9f-9032-39d6de320874,Julio255 Calvillo618,M,GENERAL PRACTICE,150 FLANDERS RD,WESTBOROUGH,MA,015811017,42.2770724,-71.5679154706427,89,0
9171997f-0c22-3781-a1d7-a57c486131cf,f8918a95-31e8-3ac4-8d12-29ca6080ebda,Domitila545 Vandervort697,F,GENERAL PRACTICE,199 REEDSDALE RD,MILTON,MA,021863926,42.251368299999996,-71.0768393856917,120,0
af16ebcd-8167-3039-9f9b-25a9093559ec,bce5b907-584b-345d-bbcf-912cf56cb6c3,Katia630 Parisian75,F,GENERAL PRACTICE,11-15 SANDERSDALE ROAD,WORCESTER,MA,016032467,42.0667952,-72.0084995,1,0
69e88b88-33fb-36b6-baa3-0ab4c4fd3c23,b829fbd7-fd77-3977-a441-91c2691d5653,Otelia900 Schumm995,F,GENERAL PRACTICE,380 SUMNER ST,STOUGHTON,MA,020723470,42.1141661,-71.08865040101732,2,0
27616ba5-a3d5-35a3-aadb-212e068d508d,8d5880eb-1dd8-31ea-b7c5-21709f3bb341,Nicholle822 Satterfield305,F,GENERAL PRACTICE,50 ROWE ST,MELROSE,MA,021763201,42.4592093,-71.06078096379728,118,0
276f6d81-1298-3430-95b2-75538a39ebc9,fd650ebc-a642-3818-b073-692473cd31f1,Tobias236 Kris249,M,GENERAL PRACTICE,900 CUMMING CENTER,BEVERLY,MA,019156181,42.5584284,-70.8800491,41,0
43663668-d138-3944-adba-b99da07a7c96,3ff0f58b-7a1f-3334-9449-ff15f68b7d86,Crystle668 McCullough561,F,GENERAL PRACTICE,275 SANDWICH ST,PLYMOUTH,MA,023607761,41.94186605,-70.6455366462985,929,0
730dfb2d-d98a-3723-841f-4cdffcf6af10,70e3ad4f-b9ff-3f3e-9990-2cd7e23a9d1c,Zane918 Bosco882,M,GENERAL PRACTICE,1238 RIVERDALE ST,WEST SPRINGFIELD,MA,010894675,42.1373438,-72.62624707492338,12,0
ee25f7ec-1e59-30ad-8518-1d2244e766aa,80458ace-5754-39b0-807a-1a5b119cb5bb,Carlene772 Nolan344,F,GENERAL PRACTICE,11 PONTIAC AVE,WEBSTER,MA,015701629,42.06282535,-71.87016198711046,1,0
3bb47011-aae4-33e7-be9c-864732475865,a6964d47-8af0-3df2-b99d-d8414eb1cfa3,Adrienne302 Schiller186,F,GENERAL PRACTICE,200 MAY ST,SOUTH ATTLEBORO,MA,027035520,41.924394750000005,-71.36076410900014,48,0
e3f9b2c0-cd87-3264-87ab-cfdd24695b2d,004554b4-3068-3938-832d-fa7cbe1cd1fb,Lacy523 Littel644,M,GENERAL PRACTICE,25 STONEHAVEN DRIVE,WEYMOUTH,MA,021903951,42.1589443,-70.94970431672323,1,0
5cd1d7d9-52b8-3172-8f9f-b2303abc86a5,dae3ee01-f383-366e-9ad6-dc92963064ea,Orville751 Will178,M,GENERAL PRACTICE,1233 MAIN ST,HOLYOKE,MA,010405381,42.16578055,-72.63389634691956,248,0
adf924b8-44d8-3f87-80c3-94a9dacc6bc7,2c708a72-2e25-36a1-8209-d2a708874eff,Kyoko885 Strosin214,F,GENERAL PRACTICE,1324 BELMONT STREET #202,BROCKTON,MA,023014435,42.057156895761736,-71.06994368825448,4,0
e5483e5a-61ef-3a7d-83cc-034edadfaa48,dac75bc1-cbfa-306b-9a0a-88d5edf3638d,Henry768 Ebert178,M,GENERAL PRACTICE,170 COREY ROAD,BRIGHTON,MA,021358244,42.3433093,-71.14003855124017,22,0
ee3ce192-ac86-376b-a8b0-574aca140821,089bceb2-0ecb-3650-95e9-e7260248b809,Estella474 Reynolds644,F,GENERAL PRACTICE,50 W MAIN ST,HOPKINTON,MA,017481672,42.22029125,-71.53814854921914,37,0
628e6245-4649-3441-a584-a46b84070bc6,63b4f233-fb49-3b1e-a17c-2d572367b131,Jerry654 Baumbach677,M,GENERAL PRACTICE,2222 CENTRE STREET,WEST ROXBURY,MA,021324034,42.27370345,-71.15856364656862,11,0
d49a6504-0462-3801-ae27-8cdf3cf5295f,9d989fcf-4ad9-3972-ada3-f275d967781e,Dominic463 Miller503,M,GENERAL PRACTICE,100 TER HEUN DR,SANDWICH,MA,025632377,41.7579043,-70.4968152,460,0
028756f7-c0fd-35c7-af31-afb15ba6aea7,87472bc2-7c23-37cc-8355-7f3e88614b6b,Dean966 Kris249,M,GENERAL PRACTICE,305 MAPLE STREET,EAST LONGMEADOW,MA,010282765,42.059258494749486,-72.53388585052694,7,0
59a777f1-7436-3ba8-85ee-4d3b3cce4c5c,af3871c3-2098-3051-bcb7-8a919e194a16,Sherwood961 O'Conner199,M,GENERAL PRACTICE,97 LIBBEY PKWY,WEYMOUTH,MA,021893110,42.19322885,-70.94589987654936,17,0
4feeb7a9-d257-32d2-a26c-8bc49abb59f5,542185c1-943a-30f4-aba0-0efaa92488a4,Luetta803 Rau926,F,GENERAL PRACTICE,142 LAKE ST,ARLINGTON,MA,024764738,42.40328885,-71.15140830652837,32,0
dfa4e4f5-7d19-3864-8eae-f5e0e810bbdf,a2cc09de-c1e2-3126-8c09-d49f95225281,Darnell564 Leannon79,M,GENERAL PRACTICE,300 LONGWOOD AVE,WALTHAM,MA,024532741,42.3756401,-71.2358004,47,0
5e56ef42-4bd0-38f7-967e-d1f2ef5c4970,9f2f60a6-87a4-3f45-b753-b63b5b7e9993,Maricruz991 Considine820,F,GENERAL PRACTICE,332 HANOVER STREET,BOSTON,MA,021131901,42.3647421,-71.0536619,143,0
602b4f2e-979b-33a2-b60b-1227d4ed6452,c5306a86-09a1-32d9-875a-67ef56e131c0,Maragret485 Gutkowski940,F,GENERAL PRACTICE,242 SUTTON ST,NORTH ANDOVER,MA,018451631,42.70773345,-71.1300651,16,0
0066ebe1-5a84-3bdd-9838-129a09dd7a0a,ab16be57-62ea-39a5-8f7a-ee1285cf6934,Ciara810 Gibson10,F,GENERAL PRACTICE,115 MILL ST,PETERSHAM,MA,013669503,42.4865962,-72.1893057,189,0
1cae1149-09dc-3d19-b265-5c01b99eba59,1de1aeee-4088-391b-af7a-95d7cfaeaf32,Elayne206 Denesik803,F,GENERAL PRACTICE,57 PROSPECT ST,NANTUCKET,MA,025542799,41.27514065,-70.10108985970798,74,0
88cc4d25-c7e0-349b-92ca-ac80ae5d6d88,f312977e-8f41-3816-84cc-e5b12ba36955,Eldora89 Langosh790,F,GENERAL PRACTICE,1153 CENTRE ST,JAMAICA PLAIN,MA,021303446,42.3017598,-71.12855793387442,23,0
5ffe885e-4ed5-3d02-819a-a62215661dbd,0519b293-2e92-3eb3-aeef-233da0babc93,Juan88 Friesen796,M,GENERAL PRACTICE,40 PARKHURST ROAD,CHELMSFORD,MA,018241511,42.6198215,-71.36189212971482,27,0
b11cfa91-ade1-3157-ab87-5447fb48ff1a,a730c5e6-a15f-3e36-8112-8579e507d330,Cristina921 Guajardo157,F,GENERAL PRACTICE,28 LORD RD,MARLBOROUGH,MA,017524549,42.34718040987546,-71.57283065352654,68,0
f2962f51-2df8-36bd-95f1-40903dd43ba4,bebc1dac-6c42-3225-b0ba-23278cdf2a62,Antonia30 Hackett68,M,GENERAL PRACTICE,464 MAIN STREET,AGAWAM,MA,010011826,42.07695165,-72.62026217030348,60,0
68239fb1-ed44-3ba4-9c42-287ea46b3342,82248deb-13cc-31b2-8764-0233e159a93a,Lan153 Kemmer137,F,GENERAL PRACTICE,19 DEPOT STREET,ADAMS,MA,012201856,42.623644600000006,-73.11852130252683,94,0
77522b8e-91e9-3165-9c17-54bc383227f3,70e943de-a18b-3e03-a204-ecca2f01b6d1,Joshua658 Wolf938,M,GENERAL PRACTICE,76 NORTH MAIN STREET,WEST BOYLSTON,MA,015831130,42.393642299999996,-71.79207534741954,13,0
466ed9c5-1a7a-3769-8bb3-90f9643e0d7b,e69e7cbb-8362-30d1-83f2-3a0c492fe2b1,Chris95 Kub800,F,GENERAL PRACTICE,110 LONG POND RD,PLYMOUTH,MA,023602642,41.9255829,-70.65514326847389,112,0
fb7bc458-23ac-3d4b-bcab-91ce297670e1,154cc5db-4906-3411-8aa3-39902c6b3af2,Earl438 Hilpert278,M,GENERAL PRACTICE,12 VICTORIA LN,STONEHAM,MA,021802221,42.4916624,-71.10288588889674,54,0
ef6679aa-9f12-3d59-9b3d-54f66c9adbba,9e469108-97a0-350a-b6ba-be2a286b3dcc,Tereasa291 Mueller846,F,GENERAL PRACTICE,150 FLANDERS RD,WESTBOROUGH,MA,015811017,42.2770724,-71.5679154706427,42,0
da5db585-e77f-30d4-a415-dd5d0d05d957,be9a14c1-72a6-3186-b199-fdb070768458,Tanner110 Roob72,M,GENERAL PRACTICE,18 FRANCES ST,WOBURN,MA,018013006,42.488288600000004,-71.15015700746171,1,0
2fd3733d-ecdb-3e6a-a985-c7d91a7a5522,06cc2462-430f-3322-9c87-7e971125f510,Bryon392 Mann644,M,GENERAL PRACTICE,133 OLD ROAD TO 9 ACRE COR,WESTFORD,MA,018863198,42.5792583,-71.4378411,218,0
cf678cbb-0962-357c-b51b-47f2fcd692d0,db106514-f254-3402-b6a4-6d210c78c7e2,Kimbra238 Runolfsdottir785,F,GENERAL PRACTICE,211 FRANKLIN STREET,QUINCY,MA,021697833,42.23691085,-71.00237199954586,4,0
3ac4181d-ec56-3159-bacd-772a458f9a05,ee7fab6f-6438-394f-b1f2-3e452f8f055a,Domonique463 Satterfield305,F,GENERAL PRACTICE,75 BRIMBAL AVENUE,BEVERLY,MA,019156009,42.570099299999995,-70.87108224250409,14,0
ff753aaf-0ed4-38d5-aaaf-ade6e05cb4b7,79508e39-d0b0-3613-9d54-168f6e1c3a18,Lynwood354 Tromp100,M,GENERAL PRACTICE,200 GROTON ROAD,GROTON,MA,014502056,42.577352149999996,-71.57414587343038,103,0
2edb29eb-3423-35c8-96a0-4c7d1f1db47b,1ce0d1a3-b507-3ad1-afc5-b25bfe48b8dc,Margarito178 Welch179,M,GENERAL PRACTICE,10 PEARL STREET,STOUGHTON,MA,020722364,42.125716800000006,-71.1025481568314,10,0
361a6269-8ab3-3f87-987b-7f2b38902c08,880fad59-9c38-3a21-a39f-ccc801502ab3,Maurice742 Pollich983,M,GENERAL PRACTICE,799 CONCORD AVENUE,CAMBRIDGE,MA,021381048,42.390849395521705,-71.1556550001627,33,0
3e377324-82ec-3e9b-8b50-e9b945324814,352f2e3b-0708-3eb4-9f7e-e73a685bf379,Araceli695 Willms744,F,GENERAL PRACTICE,157 UNION ST,SOUTHBOROUGH,MA,017721215,42.3056501,-71.5245087,57,0
b599d99b-2f1c-394c-8e18-2b8a8e03afb9,e34d8448-8b98-3f91-9fe7-faeb8a78e1db,Gordon377 Monahan736,M,GENERAL PRACTICE,NEW ENGLAND SINAI HOSPITAL,MILTON,MA,021862377,42.2501425,-71.065573,89,0
2a61f270-fed7-3425-8870-65625f50182e,a2d45ee8-b930-3169-b612-f602961ad212,Valentine262 Leannon79,M,GENERAL PRACTICE,37 MINUTEMAN WAY,SHREWSBURY,MA,015452229,42.288207,-71.73443816915585,108,0
c5de7853-7a09-3027-93e8-32eaa5abc4f3,10ffe7b1-2f94-3f12-9288-679da05a1ec9,Odessa199 Hintz995,F,GENERAL PRACTICE,133 LITTLETON RD,WESTFORD,MA,01886,42.57056335,-71.41736646422413,82,0
06a54d31-0a1b-3c4b-8cab-6c65a6791e44,4fa643ae-1f58-3c2e-9f33-0ba56345ad10,Sharyl439 Williamson769,F,GENERAL PRACTICE,361 MAIN ST,WAREHAM,MA,025712153,41.761384899999996,-70.71911431737183,131,0
0fe462ba-7c06-34cd-a34c-15a7f428f0c4,2b97893e-dc50-378b-a266-f089b8450329,Magdalena964 Torphy630,F,GENERAL PRACTICE,250 MOUNT VERNON ST,DORCHESTER,MA,021253120,42.3194571,-71.04610844302991,28,0
27d5c818-23f8-3f63-b3ca-edf45cc267bb,d0894f6b-78d7-338d-82ad-b63de4d40014,Dewayne363 Lemke654,M,GENERAL PRACTICE,330 MOUNT AUBURN STREET,WALTHAM,MA,02452,42.3756401,-71.2358004,1,0
e403c240-5260-36b8-a98d-e06d606b7fae,3d5fbf38-c781-3e04-8c7e-5a402611b7d4,Vito638 Barton704,M,GENERAL PRACTICE,260 ELM ST,SOMERVILLE,MA,021442951,42.3955992,-71.1227391,148,0
7602f477-6cc5-345c-b13d-43c41c336ba6,f43f97f2-af04-3ed0-a42e-3681718cc9b2,Dorcas534 Quigley282,F,GENERAL PRACTICE,725 NORTH ST,PITTSFIELD,MA,012014109,42.4600752,-73.2492795834909,333,0
9fdf97f2-b89b-372b-8538-44d17ce03b54,fd5342f0-10c0-3f48-9c7e-7100a64db139,September423 Abshire638,F,GENERAL PRACTICE,30 PRINCETON BOULEVARD,LOWELL,MA,018512405,42.6353691,-71.3322833,30,0
a9697afd-34fd-3a58-9859-1ecad44f5ce8,03c5769d-b185-35ee-b563-9e651cff95bc,Alina705 Rohan584,F,GENERAL PRACTICE,807 WILBRAHAM RD,SPRINGFIELD,MA,011092067,42.1108434,-72.5341133,1,0
c9013c5a-81e4-33bb-b8a0-43f7d5af27c6,7ac466c6-7968-33fd-882c-6d5418f88c8a,Alvin56 Hayes766,M,GENERAL PRACTICE,2 MEETING HOUSE RD,CHELMSFORD,MA,018242700,42.60140085,-71.35097894451894,134,0
089b63ee-33c0-36cc-b21d-d9c3749b402a,0d19a52f-6f9b-32aa-9aad-6b7027cc668e,Spencer878 Mills423,M,GENERAL PRACTICE,7 SANDISFIELD ROAD BOX 216,SANDISFIELD,MA,012559621,42.1131485,-73.1299243,21,0
6f3c33fb-97b8-3c62-bd1b-6cc546dc67b0,88975fd9-b47e-3af6-af78-c58e1ecf0d5e,Azzie965 Feil794,F,GENERAL PRACTICE,115 W SILVER ST,WESTFIELD,MA,010853628,42.1178811,-72.75935246865802,4,0
8a6a46c6-b82a-3b2e-97d5-609e42a7cf5f,46e66051-c061-3c31-b439-1d71df92db1c,Bree992 Denesik803,F,GENERAL PRACTICE,11 NORTH ST,STONEHAM,MA,021801040,42.50329135,-71.10023035268328,3,0
85b38d70-1c12-3db4-841b-82bf4120010c,19439108-9835-38fe-8ee2-1226a355cfba,Georgeann302 Kunze215,F,GENERAL PRACTICE,694 WORCESTER RD,WELLESLEY,MA,024822837,42.2964859,-71.2925571,16,0
c417b0ad-2b93-3e0b-8411-65858c7ef877,edd58f69-ad5f-346b-b1f9-530ccdc895f6,Johnathan55 Padberg411,M,GENERAL PRACTICE,52 CARPENTER ST,ATTLEBORO,MA,027032472,41.9369576,-71.27996091755344,8,0
1d142e18-6870-3f4c-aa3e-02f40d4a6fc0,94ac48ba-e215-3ab9-ba88-a0b926d29cef,Barton704 Hahn503,M,GENERAL PRACTICE,300 WINTHROP STREET,MEDFORD,MA,021552311,42.421527,-71.11834,12,0
d12f808c-502f-3be7-835f-9c4220f24f65,0334ad53-5d57-384e-a411-63b075139c06,Stephen891 Stamm704,F,GENERAL PRACTICE,66 CENTRAL STREET,EAST BRIDGEWATER,MA,023331913,42.03160525,-70.9572577506426,7,0
9275add7-6c18-3a11-aafa-64265edd5d88,069b90f9-309b-35e4-b990-d1dbacb962cc,Thomas756 Strosin214,M,GENERAL PRACTICE,36 LOWER WESTFIELD ROAD,HOLYOKE,MA,010402749,42.16975305,-72.63488031242107,8,0
f06b4ac4-4684-334f-89cd-d7cc754f78d6,a2047ff6-62f2-34d7-beb9-7e164d989c75,Frederic454 Larkin917,M,GENERAL PRACTICE,1200 CENTRE STREET,ROSLINDALE,MA,021311011,42.29768,-71.130463,5,0
96133d44-e6f4-3ada-9fe6-9701ab3a543a,936ceb96-2b12-371f-aa68-ee02a9c06f4c,Eddie505 Keeling57,F,GENERAL PRACTICE,225 BOSTON ST,LYNN,MA,019043124,42.470497449999996,-70.96003668151566,141,0
307f2945-e6a0-334c-b077-570744028956,2cea5ce8-beca-3593-ad2d-07b6f273a9d2,Franklyn361 Halvorson124,M,GENERAL PRACTICE,201 S MAIN ST,ATHOL,MA,013312131,42.5913877,-72.24248995154954,62,0
40ae9260-4434-3937-b3fa-6ce9ab1ba3b5,dfcd78f1-f67e-321d-84e3-f658c482c474,Sacha430 Wisoky380,F,GENERAL PRACTICE,64 WOODLANDS WAY,BREWSTER,MA,026312550,41.737807,-70.0036669,28,0
85bc68b0-598b-3717-a41e-264e6b8d63ba,a855314b-4fb5-37fc-8015-5caa96c928b1,Erica194 Kiehn525,F,GENERAL PRACTICE,759 CHESTNUT ST,SPRINGFIELD,MA,011991001,42.121522049999996,-72.60300615153007,204,0
2640a6bf-bfc9-3a26-bbbc-92951ba9112d,48a6d3ab-50ef-349e-8945-2558a78f378e,Junior695 Kuhlman484,M,GENERAL PRACTICE,795 MIDDLE ST,SWANSEA,MA,027774114,41.730919,-71.208117,55,0
78ca0542-c0d8-3c95-8257-bc1c91ebc4bf,0a8a4b11-d0b8-3cd2-92cd-983de5189cfa,Del587 Nicolas769,M,GENERAL PRACTICE,111 BIRCH STREET,LYNN,MA,019021574,42.47859105,-70.93458444045801,19,0
28f12405-a617-302f-9e0a-053d77fb29b6,cabc0f0d-dcca-34a2-bc6b-519ed1cc7f74,Ronald408 Huels583,M,GENERAL PRACTICE,191 MERRIMACK ST STE 712,HAVERHILL,MA,018306199,42.7742236,-71.08181133783422,51,0
d5381bcb-0a67-3b30-bf0c-0472434b2cd0,bea92616-0fee-39b9-9a23-42c6fd899f35,Ignacio928 Beier427,M,GENERAL PRACTICE,10 ERLIN TERRACE,TEWKSBURY,MA,018762666,42.61292480142526,-71.24215126690858,1,0
869fe653-688f-3eb4-bb47-ea4bd419577a,7b7ce654-a413-37d1-9d34-97240c0ac580,Liberty95 Kihn564,F,GENERAL PRACTICE,1 WRENTHAM ST,BELLINGHAM,MA,020192532,42.025037350000005,-71.48945118224057,5,0
cf67e374-8710-3522-9f42-29dfadcb0113,548e7abd-14d4-3c28-aa82-790240af9e02,Catherina275 Schulist381,F,GENERAL PRACTICE,1 BATHOL ST,WAKEFIELD,MA,018803655,42.474535700000004,-71.07390865583827,1,0
34e2ca81-7c45-3908-86a2-5b88baaeb875,95b01a7c-e16a-37d4-b354-c404baa00203,Foster87 Gibson10,M,GENERAL PRACTICE,290 SOUTH STREET,PITTSFIELD,MA,012016824,42.440485002637104,-73.25677853480586,10,0
e9f5211d-842b-327c-a379-3bd1fff04a85,7b20d1c4-c56b-3647-801c-5e4e13679073,Mozell819 Prohaska837,F,GENERAL PRACTICE,275 SANDWICH ST,PLYMOUTH,MA,023602183,41.94186605,-70.6455366462985,444,0
cd00ff06-4958-3115-ae41-e7fb89a53e3b,880c8804-deb0-35b0-9132-06950118b8b3,Sherron201 Flatley871,F,GENERAL PRACTICE,150 LINCOLN STREET,NEEDHAM,MA,024922914,42.2743931,-71.23662905222776,15,0
90def21a-6bea-36a1-b8fb-73e0528047fd,281525ef-5743-34a8-9339-66c8b4be6668,Nilda678 Crona259,F,GENERAL PRACTICE,555 PLANTATION STREET,WORCESTER,MA,016052376,42.2907683,-71.7649752,2,0
58681814-6279-3b42-8e3c-07081d90390c,3e97ce4f-3ad7-3cea-883f-e2bb4ca89d83,Marisol435 Cedillo160,F,GENERAL PRACTICE,30 NEW CROSSING RD,READING,MA,018673270,42.51809619399502,-71.0959083715027,166,0
5ba77938-7d37-3570-9c46-2a65dbcf4a6d,46daa26f-fda5-38a9-9c45-fda430d28fa6,Trenton748 Bernier607,M,GENERAL PRACTICE,25 RAILROAD SQUARE  SUITE 501,HAVERHILL,MA,018325721,42.7736752,-71.08561759491305,9,0
eb0601f3-3647-31de-923f-8a723a5c89b8,c0132cf6-1703-3aad-89b4-cc2f2bbc123e,Neville893 Schoen8,M,GENERAL PRACTICE,66 NEWTON STREET,WALTHAM,MA,024536058,42.3746705,-71.22789736306842,8,0
2fd544cc-1e51-3c19-a1e3-fdb2baa51bb9,d5920b72-ac1a-3ec4-81ca-e3b75cb7aadd,Donovan745 Daugherty69,M,GENERAL PRACTICE,251 Causeway St.,Boston,MA,02114,42.3665,-71.05931,359,0
fc339f73-640d-352d-89e3-382d2abbad2f,4f59f709-8b84-3d27-a04b-c6b7b5544413,Jamison785 Davis923,M,GENERAL PRACTICE,70 BOLTWOOD WALK,AMHERST,MA,010022271,42.3768779,-72.51840280783739,131,0
9a6d95b2-eb69-3607-bc06-5c8cd41891d3,c4e5b33c-17b8-3f51-a8ba-a327d54e642a,Kaila152 Dibbert990,F,GENERAL PRACTICE,94 N ELM ST,WESTFIELD,MA,010852917,42.1322823,-72.7436679,15,0
b0394e1f-3469-35e1-9734-d5b15728d175,36d328a2-68bb-3967-a9bf-00897a7c945f,Jettie913 Rodriguez71,F,GENERAL PRACTICE,299 WAREHAM STREET,MIDDLEBORO,MA,023462905,41.869676,-70.873384,1,0
3b8c0708-c98b-3d44-9159-ca55bfc6d6b5,5225cc87-6a30-303c-a882-5f001cee7f0e,Ila598 Boyer713,F,GENERAL PRACTICE,110 W SQUANTUM ST,QUINCY,MA,021712122,42.27259075,-71.03082765,30,0
53176280-9665-3263-983b-cd36ef9275e3,79d49935-bcc0-36ca-920b-45365c367438,Jamel269 Hudson301,M,GENERAL PRACTICE,409 W BROADWAY,SOUTH BOSTON,MA,021272245,42.336831,-71.047958,134,0
0d6dcaef-8021-3e48-aec5-2177105ac203,0f2c58ec-5323-3c0f-9bdf-af0df7eb2a2b,Owen89 Boehm581,M,GENERAL PRACTICE,130 DORCHESTER STREET,SOUTH BOSTON,MA,021272642,42.3334312,-71.0494949,20,0
ee204c40-c64f-3d25-bb83-fe15b293c222,680532c8-2661-3b39-875a-b6ec0746ccf5,Buford910 Dach178,M,GENERAL PRACTICE,30 ATHOL ST,ALLSTON,MA,021341124,42.36075595,-71.13397379082869,26,0
e2fc8cac-11ab-3b34-a82f-44f83c42e7bb,51370692-6296-3150-8672-559fc73f964f,Almeda560 Okuneva707,F,GENERAL PRACTICE,75 FRANCIS ST,WEST BRIDGEWATER,MA,023791542,42.0219112,-71.019004,44,0
e33d57ac-12fd-37c9-a309-465fdd037ffd,cdc87240-38e9-36f8-959b-706642e01e11,Vicente970 Armstrong51,M,GENERAL PRACTICE,243 CHARLES ST,STONEHAM,MA,021803559,42.4814675,-71.0924311,674,0
6ab9240e-da19-31ba-99c0-66e83c2f352d,c6b019eb-28ec-36f6-abf3-bcc4d1d58966,Sherwood961 Aufderhar910,M,GENERAL PRACTICE,33 AVON ST,WAKEFIELD,MA,018802310,42.50403445,-71.07462951514611,25,0
405d7939-99ed-3974-89c0-5adf899b9b31,31e00f85-6909-3d9f-afc6-5ae507ab0c06,Kyle55 Collier206,M,GENERAL PRACTICE,382 GROVE STREET,BRAINTREE,MA,021847324,42.189369400000004,-70.98451984814267,17,0
e5bd820f-03ef-3750-b7e1-41cc591a5372,06376cbe-4880-384b-b459-7ce3eef36ced,Cody889 Ratke343,F,GENERAL PRACTICE,387 QUARRY ST,FALL RIVER,MA,027231026,41.6932713,-71.1402431739568,66,0
93b67708-efef-35e3-97ef-59efb0424570,b3312a2d-37e9-35a8-b50d-6c165c437baa,Eliseo499 Reinger292,M,GENERAL PRACTICE,45 DIMOCK ST,ROXBURY,MA,021191029,42.32030665,-71.09721114916246,23,0
f22e07cd-010a-3b65-a1e2-179d3f652159,2836d9ac-c6a6-39d1-8f13-fdf0fc8928f4,Alysha630 Koch169,F,GENERAL PRACTICE,365 EAST ST,TEWKSBURY,MA,018761950,42.6069472,-71.2180803,418,0
4f52cf5d-fcb2-3828-82af-399867683aef,7dddc0c2-9f1d-3e4e-b2f2-fc7e6abbed31,Genevie117 Gibson10,F,GENERAL PRACTICE,160 MERRIMACK STREET  SUITE 1,METHUEN,MA,018446117,42.7334079,-71.13599310716302,1,0
38cf20d7-9a99-3703-a949-f22e2f86944e,82c72223-f521-3a34-9b9b-4ff366365399,Shon148 Reinger292,M,GENERAL PRACTICE,2100 DORCHESTER AVENUE,QUINCY,MA,021691870,42.2509914,-71.0037374,3,0
845eaca4-d486-393e-8a76-a33f538a1597,b5e6f1bd-c744-3556-9775-5ff8399eea33,Whitney250 Wiza601,M,GENERAL PRACTICE,2284 MAIN ST,CONCORD,MA,017423829,42.44300895,-71.42458458423982,30,0
68106ed5-0332-3313-9111-15b0953ae257,7c625dc4-2593-31eb-95fd-6a912832b8bb,Ronny764 Braun514,M,GENERAL PRACTICE,980 WASHINGTON STREET  SUITE 124,DEDHAM,MA,020266704,42.228918,-71.18501264023513,11,0
3439a7df-9b17-3a19-a5d2-5f3b1a69e7d2,04b252db-4231-3cb5-963d-6f096fb4b97c,Horace32 Grady603,M,GENERAL PRACTICE,1177 PROVIDENCE HIGHWAY,NORWOOD,MA,020625019,42.194543,-71.1994976,1,0
47932e1b-6b15-3eff-b327-9b3ba8d4ed02,a94f4f6e-88ad-39ff-a935-dc87f13327b1,Carlos172 Wiza601,M,GENERAL PRACTICE,370 WEST STREET,LEOMINSTER,MA,014532073,42.535877150000005,-71.77537115047085,9,0
1ead63c0-277b-3398-9177-d7996af237a4,94f6a3ae-7d8d-3cbc-a788-e400732da7e5,Malcolm243 Kuvalis369,M,GENERAL PRACTICE,450 WEST RIVER ST,ORANGE,MA,013649603,42.5928702,-72.32953998953418,8,0
08560baa-da2c-3d85-9080-f497fea55dea,adf66683-c158-3efa-8e6c-7b2a273aa4ba,Eden920 Lebsack687,F,GENERAL PRACTICE,15 MILL ST,MARION,MA,027381546,41.71414569747417,-70.7725958636297,1,0
ab18b990-8377-3716-908f-c34a1000bd07,e2eab39c-5195-34aa-b35f-e89e37cfed01,Miguel815 Roberts511,M,GENERAL PRACTICE,55 FOGG ROAD,WEYMOUTH,MA,021893141,42.175539799999996,-70.9539153674405,26,0
9a8b62d6-4400-3405-b818-a5ab7ef16e87,4fa8411f-42f8-3353-8947-bf15254c9dee,Lane844 Gutmann970,F,GENERAL PRACTICE,90 GREENWOOD STREET,WAKEFIELD,MA,018804039,42.476321150000004,-71.06922169005762,10,0
6591af50-4941-3b0c-9f10-0cae7db74d02,21989e2e-249c-3b79-acf0-240211e16b4b,Mignon230 Ullrich385,F,GENERAL PRACTICE,1290 TREMONT ST,ROXBURY,MA,021203432,42.3327398,-71.09194864251029,113,0
ccd37e23-0b35-38d3-b307-df8c3e0af218,a977feef-f585-3fa8-8deb-7e60fc2cab30,Kimbra238 Schulist381,F,GENERAL PRACTICE,2314 MAIN STREET,TEWKSBURY,MA,018763128,42.58023655,-71.19367180835906,13,0
905ed4ee-2fce-365f-ad94-56b3f20da033,22b57e3f-4143-33e6-abb9-e6ff074f1c46,Jeraldine574 Hintz995,F,GENERAL PRACTICE,750 WOBURN STREET,WILMINGTON,MA,018873480,42.5346051,-71.14953004087923,2,0
23b59f4d-f588-3bb6-a170-4c9107774828,1de7e7d9-9a7a-3a3f-bf4c-b4de450711f2,Vince741 Morissette863,M,GENERAL PRACTICE,198 LITTLETON RD,WESTFORD,MA,018863429,42.564282,-71.42620615382347,35,0
9290232b-6e29-3019-aad1-887aa8f4fd1c,f52777bd-7313-3b27-8dd5-cd3f87bd3275,Shane235 Torphy630,M,GENERAL PRACTICE,9 HOPE AVE,WESTWOOD,MA,020902914,42.2139873,-71.2244987,73,0
3be5e028-0f3a-32aa-ae8b-67a28f30a359,f5ccbb53-e4a0-32e5-a693-02150497a8f4,Astrid395 Huels583,F,GENERAL PRACTICE,100 HIGHLAND ST,MILTON,MA,021863881,42.250705749999995,-71.07724199194602,38,0
9facecc4-32e1-31f5-b3bb-afd15943e0f4,497f39dd-280e-3d58-af5b-c5e3a3a09b10,Arden380 Bergstrom287,M,GENERAL PRACTICE,27 PARK ST,HYANNIS,MA,026015230,41.65363635,-70.27352219234834,554,0
984199ff-ed95-38fa-bda2-f66fd2cc5f2e,eaaf102d-0188-3a69-a751-030645e2a7b0,Cathey606 Kiehn525,F,GENERAL PRACTICE,605 MAIN STREET,WAREHAM,MA,025711031,41.76766153042966,-70.73096212925822,21,0
af00be6c-b2a8-37c8-8aeb-ec6c8dd83fb0,578b56de-fe9c-32e1-aea4-876f8bc01e9c,Agnes294 Dooley940,F,GENERAL PRACTICE,49 HILLSIDE STREET,FALL RIVER,MA,027205211,41.707406500000005,-71.14593659462452,106,0
41e961f9-8172-3109-86aa-ceea7fec009b,0d7fd824-1c7b-3f8b-a662-f6c2005e82e1,Lyndon118 Trantow673,M,GENERAL PRACTICE,88 MASONIC HOME ROAD,CHARLTON,MA,015071394,42.1389039,-71.9782681,1,0
b76f79e3-3658-386d-9e99-ea8a535d0007,ed0c5b98-dc8a-3fc9-9856-61f1a1c75b11,Werner409 Gerhold939,M,GENERAL PRACTICE,40 JULIO DR,SHREWSBURY,MA,015453010,42.29191827853838,-71.70343631978118,2,0
bd73b42b-c799-3e2d-b1c7-df33e2cbf38e,accb8cdd-6560-3fef-b0a6-f12c3295026a,Kerrie266 Bergstrom287,F,GENERAL PRACTICE,969 PARK STREET,ATTLEBORO,MA,027035115,41.9266899,-71.2611303145582,2,0
35c31a95-2654-3255-918c-06b5452fa21e,a2df2aea-9c53-31f4-baea-02ea5ea1e553,Leon728 Lehner980,M,GENERAL PRACTICE,95 LAUREL STREET,GREENFIELD,MA,013013106,42.58163075,-72.61795013515538,5,0
4b2b1e18-b031-33e4-9163-d1e70ea473fe,390a2aa4-70b4-3a64-a12f-9bd777834c8d,Evangeline16 Howe413,F,GENERAL PRACTICE,710 MAIN STREET,HARWICH PORT,MA,026461931,41.669654699920855,-70.06169919459835,143,0
52aa6ea3-4a3e-334e-bdbe-24e1d7a65ea8,18a96051-91f4-3cba-af96-056ea14dfee0,Silva841 Grimes165,F,GENERAL PRACTICE,25 HIGHLAND AVENUE,NEWBURYPORT,MA,019503872,42.81369325,-70.89091645747592,118,0
2984516f-bcef-3df0-a61e-7d16d99e1b5b,1ab2b5f9-cb95-3236-beec-9b9d4a407c61,Latoria810 Eichmann909,F,GENERAL PRACTICE,725 NORTH ST,PITTSFIELD,MA,012014109,42.4600752,-73.2492795834909,391,0
320072a5-cd1f-3aa4-96e9-b549f8b1b88d,07ae483b-b351-3add-8b05-afba832b88ea,Harold594 Murray856,M,GENERAL PRACTICE,5 REDLANDS ROAD,WEST ROXBURY,MA,021321506,42.2879347,-71.15108161583282,5,0
59984103-7540-3328-86d8-481806fceb81,41e2a44c-477c-3511-96f9-12c476aa3b6a,Antwan357 Lindgren255,M,GENERAL PRACTICE,85 E NEWTON ST,BOSTON,MA,021183553,42.336277100000004,-71.07085295687423,691,0
cd03582d-e9e5-3993-899d-1d6502c4fe2f,f00601d0-d49e-30ed-bc3e-314379f2103e,Elijah719 White193,M,GENERAL PRACTICE,490 MAIN ST,MELROSE,MA,021763841,42.4550741,-71.0654799,50,0
ef18951b-4820-3f3b-9b91-1e063e5cc566,9d41e4fc-9507-3ddb-82ad-966046fca031,Ashlyn643 Lehner980,F,GENERAL PRACTICE,104 RANDOLPH ROAD,WORCESTER,MA,016062465,42.29955605000001,-71.79838133819244,7,0
4379ad8e-8617-348f-883c-69d4aded40db,71a1e089-024e-3255-a536-9204586fa4fc,Millard193 Doyle959,M,GENERAL PRACTICE,1 GORHAM IS,WEST YARMOUTH,MA,026733200,41.6501114,-70.2411312,1,0
efd73176-144e-3da7-9042-3c147d305b92,5b0cd0a0-f277-3a66-bee6-d64b5be4a3f5,Maryann106 Hintz995,F,GENERAL PRACTICE,725 NORTH ST,PITTSFIELD,MA,012015493,42.4600752,-73.2492795834909,114,0
f09c4e7e-7dab-3ed5-9eb1-96551bf57107,79a06fd6-9f2b-35e3-9b11-0bc5ff89e17c,Lady554 Kovacek682,F,GENERAL PRACTICE,225 Boston Road  Suite 107,Lynn,MA,01904,42.470093,-70.95994,2060,0
203635cc-5972-364d-a5f3-de54923f892e,0a42bb03-b1a7-347d-82f3-4ba02080e55c,Dallas143 Friesen796,M,GENERAL PRACTICE,332 WASHINGTON STREET,WELLESLEY,MA,024816217,42.310362049999995,-71.27601802190625,57,0
75ccab8b-d190-3063-9d56-d81f04f6c6b0,c9d7e239-2ffe-3275-b2da-b6d9a8450dfb,Maybelle917 Lockman863,F,GENERAL PRACTICE,178 SAVIN ST,MALDEN,MA,021482329,42.4295346,-71.08701191781503,5,0
7ee8ba3c-06e8-3afb-87ca-0a71dbbbcc56,4956f573-3dc2-3a67-9692-2f57451744e6,Kathe603 Davis923,F,GENERAL PRACTICE,400 BOLTON STREET,MARLBOROUGH,MA,017523912,42.35966285,-71.55290125539051,2,0
f5c77955-02ec-389d-a06b-46cfc3151c50,b44955d1-f0e2-3beb-a013-708a81dbe430,Ernest565 Runte676,M,GENERAL PRACTICE,680 CENTRE ST,WEST BRIDGEWATER,MA,023791600,42.0219112,-71.019004,39,0
877de54b-701f-376b-b9ce-0c8885778ab5,c1986c0c-f756-3596-8f90-08adacf220fe,Dong972 Auer97,M,GENERAL PRACTICE,73 CHESTNUT STREET,SAUGUS,MA,019061605,42.4573919,-70.9918055,17,0
4321190c-8398-3d43-9535-3a458d6f032a,ad2dab07-4f85-3950-baaa-7c7cd2aa770c,Federico589 Kuhic920,M,GENERAL PRACTICE,55 LAKE AVENUE NORTH,WORCESTER,MA,016550002,42.2774799,-71.76166994969458,19,0
e7cd1bca-88fe-3559-b8ff-02b763808b20,67d2f85b-ddc7-3ed0-b90b-6fa5b7b8358a,Norah104 Jenkins714,F,GENERAL PRACTICE,43 FOUNDRY AVE,WALTHAM,MA,024538313,42.37050535,-71.21908334877376,76,0
0757c890-1c95-3f61-9719-4c3a073e31c9,1d45436f-15a9-326e-a452-2e9ffc9fc5e5,Odilia72 Mraz590,F,GENERAL PRACTICE,75 SPRINGFIELD RD,WESTFIELD,MA,010851832,42.111428849999996,-72.71189899299209,34,0
523dc337-1f00-36f4-ab94-435e3a116a5c,ce89d7ed-54eb-3eae-881a-15df8e631c47,Silvia880 Howe413,F,GENERAL PRACTICE,36 WILLIAM STREET,LEOMINSTER,MA,014533276,42.5267443,-71.7614891,5,0
0167d43f-d9f0-3b58-9999-ed02902c33e1,0d9b0d22-585e-3fd8-ab02-26b5be7915d1,Jean712 Koelpin146,F,GENERAL PRACTICE,516 CAREW ST,SPRINGFIELD,MA,011042330,42.12133575,-72.59217953646302,95,0
80520fc1-578d-3184-9b58-9a710478ef72,d3335d07-2a2c-35d7-9b87-c022393b6793,Nancie476 Lubowitz58,F,GENERAL PRACTICE,137 NICHOLS STREET,NORWOOD,MA,020622009,42.1930792,-71.20868232395514,4,0
cf5853bd-c2c0-357b-857e-b74796016684,0d1570ab-371c-3898-9397-95905d8c5166,Santina680 Dicki44,F,GENERAL PRACTICE,750 WASHINGTON ST,BOSTON,MA,021111552,42.3499038,-71.0631836,322,0
84ca295c-2627-3657-b621-fd6fa7ba0647,1853aeef-5897-326a-80d6-aa4b0459eb6d,Jewel43 Kassulke119,M,GENERAL PRACTICE,381 WICKENDEN ST,ATTLEBORO,MA,027032247,41.9438129,-71.2806515,5,0
4c7d832a-abd3-3e7d-b8bf-eb35af44e2c1,4b7e26e6-e5b1-38c9-b4ac-fde9a0f93177,Edmundo94 Eichmann909,M,GENERAL PRACTICE,38 BROAD STREET,QUINCY,MA,021694604,42.2560352,-70.99469254391217,35,0
d1af4eb7-3dc2-3a7f-9037-dbb75e4e0efd,93552c27-f173-385f-8849-ee56c25f638b,Song837 Cummerata161,F,GENERAL PRACTICE,359 HIGH ST,GREENFIELD,MA,013012617,42.6033006,-72.58135309677492,1,0
2618f8a9-e940-3436-a978-9fb9f30f8d75,94dda4e1-7476-367a-b1f8-37ea7f61a1b7,Dylan44 Robel940,M,GENERAL PRACTICE,145 WARD HILL AVENUE,WESTBOROUGH,MA,015811017,42.2694308,-71.6129907,11,0
c4193ae2-33c4-3dd6-913d-315bfd529c23,c56fe86b-652f-3359-ad8e-4b8502d94cb9,Harold594 Erdman779,M,GENERAL PRACTICE,5060 WASHINGTON ST,WEST ROXBURY,MA,021324738,42.2649902,-71.15254191018812,1,0
7056d373-2a56-363f-a0d3-7d4b379cb3f4,22fa6d28-92b6-3446-a388-f5aba50debaf,Clarence5 Robel940,F,GENERAL PRACTICE,123 CAPTAIN'S ROW,CHELSEA,MA,021504019,42.3917638,-71.0328284,3,0
06fb9e29-40cb-3acc-b7d9-c9572def4be3,8a87ef73-eaa2-340a-bec5-c3cef01ef836,Raymond398 Rodriguez71,M,GENERAL PRACTICE,3 PARK DR,WESTFORD,MA,018863511,42.556814700000004,-71.43463308318695,1,0
1f25a60b-366e-3265-b1af-e08cfebefc54,c0a33465-d309-3d2a-932e-9d554a7cc19c,Veronika907 Rogahn59,F,GENERAL PRACTICE,100 CENTURY DR,WORCESTER,MA,016061244,42.3138278,-71.7707002,35,0
626f28fd-4104-3816-a05c-17f0447077a4,5e0ceaa0-5254-34c4-b5a7-ddc919790121,Jeanett771 Goodwin327,F,GENERAL PRACTICE,HOLYOKE CARE CENTER LLC,HOLYOKE,MA,010402701,42.2071434,-72.60765,1,0
ecc9f829-341f-3559-b8ea-98b149ce05a3,51d38e67-9350-39b8-bbb3-91cc879ae415,Darrick836 Hoppe518,M,GENERAL PRACTICE,335 NICHOLS ROAD,FITCHBURG,MA,014201932,42.598254850000004,-71.80841914533654,14,0
07e43cdd-bdce-360c-882b-f207464155b1,80646050-1c76-3046-bbc8-fd5f0b7c34e6,Mayola305 Hauck852,F,GENERAL PRACTICE,140 ARNHOW FARM ROAD,FITCHBURG,MA,014201369,42.5903661,-71.8119837,171,0
4615a99c-ef01-3499-95de-d40020682246,8dfd8248-d6cc-3d0d-abfe-b3ac8d91ab70,Trisha327 Swaniawski813,F,GENERAL PRACTICE,34 PEARLY LN,GARDNER,MA,014401736,42.59408525,-71.96218719634496,7,0
814edd91-ed9f-305e-a3f4-3b93465c132b,cac6f8b3-eafd-31b3-9fa3-8015752ccc2c,Celine582 Pagac496,F,GENERAL PRACTICE,123 SUMMER ST,WORCESTER,MA,016081216,42.26496835,-71.79655403681465,98,0
5e2c6569-6885-3a7f-84c3-2332ebd44edd,bb867d36-0c8d-33b4-b19c-a8c026655b6c,Lahoma872 Macejkovic424,F,GENERAL PRACTICE,200 KENDALL ST,SPRINGFIELD,MA,011042532,42.12161175,-72.57784860231564,1,0
e4559e7b-318b-349a-8d28-731436775d66,1b3fe590-8793-3f08-865d-01fc425a84d4,Mathilde204 Wintheiser220,F,GENERAL PRACTICE,1340 BOYLSTON ST,BOSTON,MA,022154302,42.34392675,-71.09888049065322,137,0
1b0d03bb-c0f2-3d84-9224-9d240499e152,0be0e035-8dad-387e-bbdd-a5a469c4311f,Deane47 Howe413,F,GENERAL PRACTICE,480 MAPLE ST,DANVERS,MA,019234065,42.584178050000006,-70.97197467750539,38,0
e10de022-5a04-3907-babf-e766ff167536,9c9d017c-0a4d-3e03-9802-4d310ea05c71,Isiah14 Schaefer657,M,GENERAL PRACTICE,70 FULTON ST,BOSTON,MA,021091402,42.362439499999994,-71.05377386223965,1,0
93b2ea1f-c97e-3659-b00e-ac31b26eb1f1,8ec2ca51-abb4-35dd-b90f-6c6aad6d2124,Elisha578 Conn188,M,GENERAL PRACTICE,22 JOHNSON STREET,PEABODY,MA,019602311,42.54644385,-70.99288129112277,6,0
b0bc3bd0-6ed7-3621-8a28-15b529451fa9,8af3b144-0e1a-3c90-937d-81a4ed026080,Guillermo498 Fay398,M,GENERAL PRACTICE,800 WASHINGTON STREET,NORWOOD,MA,020623489,42.1886973,-71.2005241,32,0
54a21d2c-1ee8-32a7-9b80-60fa87107bfa,a35fd733-dc1a-33f0-a308-292ff5581287,Phil587 Schaefer657,M,GENERAL PRACTICE,15 STRAW AVE,FLORENCE,MA,010621491,42.335654,-72.663286,71,0
8982955c-b2f3-35dc-9966-da4dcb5280e9,b014aec7-7bd8-351f-8808-3e280cbc5be6,Rosaria177 Volkman526,F,GENERAL PRACTICE,70 EAST ST,HAVERHILL,MA,018306700,42.7777829,-71.0767724,146,0
0c1c787f-7e22-3108-a575-441aa70f69c7,b3b56527-d366-3353-bca9-266a12f23051,Gil594 Schroeder447,M,GENERAL PRACTICE,60 QUAKER HIGHWAY,UXBRIDGE,MA,015691628,42.06100105,-71.62352848737622,4,0
9ed8f493-5eee-3322-ab02-1fa9df25ded9,125eccb3-d003-34ea-9bd8-360dff059782,Mickey576 Gerlach374,M,GENERAL PRACTICE,125 PARKER HILL AVENUE,DEDHAM,MA,020266146,42.2489143,-71.1755732,159,0
205af876-3ba1-3d1e-a583-5ebfe7c00564,aad05540-c9cb-3805-b3c4-f9b9d9b42b2e,Arla414 Fritsch593,F,GENERAL PRACTICE,821 E MAIN ST STE 3,CHICOPEE,MA,010206306,42.155774795300516,-72.55672263289513,34,0
81e07531-085a-3595-9687-a9aef54e264b,2987ddf5-7ff2-3e4a-9e25-d654a10313fd,Ted955 O'Connell601,M,GENERAL PRACTICE,519 MAIN STREET,MEDFIELD,MA,020522522,42.186209649999995,-71.30745495273302,2,0
406c4965-fbec-3be2-be61-807567668367,ce3b504c-f15c-3bcf-ba6e-dcb551cc7d7f,Dale454 Schmitt836,M,GENERAL PRACTICE,112 SOUTHAMPTON ST,BOSTON,MA,021182711,42.33240995,-71.06915010706255,56,0
d8d42be7-5428-399b-b7cf-d96b2377248b,eea92149-820f-301f-911e-b170e8312842,Marcy588 Hamill307,F,GENERAL PRACTICE,123 SUMMER STREET,WORCESTER,MA,016102177,42.26496835,-71.79655403681465,2,0
b3267f22-f1a4-3450-ab0c-2f68f2dc55cd,19a3afba-b409-3650-a0ab-f3faf6e391ef,Patrina117 Strosin214,F,GENERAL PRACTICE,199 REEDSDALE RD,WALTHAM,MA,024511433,42.3756401,-71.2358004,254,0
8af865d7-109a-3ed8-91a7-b40cf0951515,0e9d0119-1157-35a0-8bb5-7e0aa3041928,Gino587 Trantow673,M,GENERAL PRACTICE,1049 MAIN STREET,SPRINGFIELD,MA,011032114,42.09977055,-72.58470990760483,16,0
d126f82f-ec73-350d-aca0-60134cb0674b,76b7dbb5-0a02-32a4-9a01-3511f7e45016,Emerita401 Satterfield305,F,GENERAL PRACTICE,59 COUNTRY WAY,SCITUATE,MA,020663746,42.1806871,-70.74862935148246,31,0
f1c4663e-db14-3977-bf32-c6aa623bcb28,562176c7-c337-3bd1-b8f4-89853772589b,Theresa98 Schuppe920,F,GENERAL PRACTICE,877 SOUTH ST,PITTSFIELD,MA,012018243,42.417399950000004,-73.25836946569122,1,0
9826da04-3d50-3bf5-86d6-5591515e0445,b826cbda-f69b-32d0-9e6e-edcb80f692bb,Jake169 Beahan375,M,GENERAL PRACTICE,169 VALENTINE ROAD,PITTSFIELD,MA,012013042,42.45821049070386,-73.27683573566691,9,0
a9deaa41-017a-335d-a0d6-cabfef8ad0ec,25c85bcc-7e25-36bc-89e8-08e0d473db23,Stephen891 Okuneva707,M,GENERAL PRACTICE,138 S MAIN ST STE 14,MILFORD,MA,017573272,42.1270746,-71.51639128815474,33,0
7feb5c69-bdbb-369a-8d5f-9f2e8c5853a5,c9aabcbd-d4e0-391f-8980-d0be6934ea82,Lindsay928 Leffler128,M,GENERAL PRACTICE,340 PLEASANT ST,BROCKTON,MA,023013236,42.08764334999999,-71.03287346676532,48,0
5c1b1495-8d52-3137-8f1b-bfbdb5b13383,d9b71ccf-6649-3555-9e99-44eac0af257f,Darlene91 Collier206,F,GENERAL PRACTICE,655 DEDHAM ST,WRENTHAM,MA,020931135,42.084901,-71.30689224201797,2,0
253bc3b6-2de6-3832-8894-557a7cd44cac,2f5c26cd-be8d-351a-97af-23fbcaba0967,Jamal145 Casper496,M,GENERAL PRACTICE,36 CORDAGE PARK CIR,PLYMOUTH,MA,023607320,41.978323,-70.689036,2,0
568b5ffc-e714-3add-a41a-db7dbcb6cc50,e68de1a0-767e-3466-b9a6-43948ee073d3,Simone657 Ratke343,F,GENERAL PRACTICE,160 WELLS AVENUE,NEWTON,MA,024593302,42.29337605,-71.19806353028767,4,0
ec674a9b-3494-3f73-8499-846055a6e7b4,2fb77691-5353-358a-bc94-90af77dd654b,Donnell534 D'Amore443,M,GENERAL PRACTICE,200 GROTON RD,AYER,MA,014321168,42.577352149999996,-71.57414587343038,127,0
c37959c1-21f9-399e-889c-2c1ba8bcb949,d6c165ec-d9ca-35a5-9bc8-2061cbfb83a2,Stuart913 Lynch190,M,GENERAL PRACTICE,10 ADAMS ST,NORTH CHELMSFORD,MA,018631780,42.6389249,-71.3840196,39,0
1ad7d266-2898-3ebc-b05f-fb693c714f27,cbebae9e-f95e-3d2c-9712-289ea8d6aeec,George991 Haley279,M,GENERAL PRACTICE,49 ROBINWOOD AVENUE,QUINCY,MA,021698130,42.2509914,-71.0037374,19,0
19b7c3e1-cc23-39c0-b026-113b7acbd938,1cec4304-9757-3a10-ad4f-7e2090c56131,Theo630 Rohan584,M,GENERAL PRACTICE,55 LAKE AVE N,WORCESTER,MA,016550002,42.2774799,-71.76166994969458,55,0
cc8f2404-2435-30a1-97ad-09cbb6cf49d7,5862e05c-9533-3f7a-8f73-215d50f5ee2f,Eva64 Gurule738,F,GENERAL PRACTICE,1200 CENTRE ST,ROSLINDALE,MA,021311000,42.29768,-71.130463,15,0
8d0f7fe7-e0bf-351c-b19f-a8d585e8b3ba,411f14a5-de79-3e08-81d6-301270cc2275,Janee223 Harvey63,F,GENERAL PRACTICE,64 CONCORD STREET,WILMINGTON,MA,018872179,42.55962465,-71.13772203658047,38,0
5513fa62-7ba2-3c29-a823-868ef809d911,78cd7edb-2df6-34da-b463-5f9eb15cf862,Rusty501 Pacocha935,M,GENERAL PRACTICE,1 WEBLY ROAD,YARMOUTH PORT,MA,026752000,41.7020544,-70.249465,1,0
7cd9a5a2-825d-35ef-8769-a011fd6ec930,471f7ca2-38f8-3080-8109-187c73ec0b1f,Reginia455 Johnson679,F,GENERAL PRACTICE,27 CONGRESS ST,SALEM,MA,019707308,42.518722068313224,-70.88940635956651,29,0
965354ba-b0e1-3027-8b48-28f9fb425b32,a5577e5c-b886-37a0-8eee-8ff6feb7ea6b,Synthia172 Keebler762,F,GENERAL PRACTICE,330 MOUNT AUBURN ST,CAMBRIDGE,MA,021385502,42.3741033,-71.13417575971958,1001,0
cfe73083-501e-333e-b9e5-8af2ac711bd9,5581e43d-0463-3a0b-afc7-a60aea5ac96c,Brock407 VonRueden376,M,GENERAL PRACTICE,57 RIVER RD,ANDOVER,MA,018101144,42.69112645,-71.19636086287642,31,0
d7c83666-6715-38be-a770-a7e6e9eaed97,7dcab1ad-0e13-3700-9eb0-70767c5e2b55,Tomás404 Saucedo620,M,GENERAL PRACTICE,1515 ALLEN ST,SPRINGFIELD,MA,011181803,42.095299499999996,-72.50943136142334,3,0
b9cc1620-4604-38f6-ae18-74e91d5594f2,9485907a-9f9c-3c19-a424-b402ee8f99c2,Lavern240 Bogisich202,M,GENERAL PRACTICE,101 PLANTATION STREET,WORCESTER,MA,016043025,42.258026400000006,-71.78384882397785,8,0
23243262-ebdd-3df9-9e1f-0ce4c308a9f9,e7722de2-0e62-3dc9-a163-a7003956673b,Charlena802 Lockman863,F,GENERAL PRACTICE,1 EDGEWATER DRIVE  SUITE 103,NORWOOD,MA,020624669,42.16153305,-71.20162617190071,5,0
5c053e5e-42d9-319c-a468-4baf56ca7d09,c630c98b-cbfb-3260-a984-4bbf511de98d,Selma398 Beier427,F,GENERAL PRACTICE,135 S HUNTINGTON AVE,BOSTON,MA,021304885,42.328899,-71.110855,1,0
06d12778-ba98-3cd5-9cd6-dd735091dcd0,9b8a7a25-b923-3710-9f3c-d42919a3f54f,Kayce253 Ondricka197,F,GENERAL PRACTICE,146 MAIN ST,MAYNARD,MA,017542651,42.4309786,-71.4552968,61,0
93888e93-3add-36bc-bcb4-3746a2c80613,62b55e5b-b58f-354d-8f2d-f2a330bc619e,Brandon214 Gerlach374,M,GENERAL PRACTICE,201 HIGHLAND ST,CLINTON,MA,015101037,42.42738865,-71.69329092351188,435,0
6ba0a7f1-b039-3bc2-9a75-c6d276059823,966245ce-e84d-36b0-a838-2e0b5bb2e668,Pei116 Crooks415,F,GENERAL PRACTICE,1425 BLUE HILL AVENUE,MATTAPAN,MA,021262122,42.2754929,-71.09384131587021,3,0
472e96fb-bd11-3bb4-bd5c-18df45863e04,9dbd44ba-59b2-3d1d-ac91-3880af8081d2,Rob341 Larson43,M,GENERAL PRACTICE,529 MAIN ST STE B,ACTON,MA,017203965,42.4878132338563,-71.43046999422496,28,0
915dc300-ec79-3f8a-bac2-d217fe3b8282,2bde75a8-708f-3930-8d57-100ab365d413,Cedrick207 Gleason633,M,GENERAL PRACTICE,173 WORCESTER ST,WELLESLEY,MA,024815521,42.2964859,-71.2925571,3,0
70996c39-2f65-3fcb-80ba-70c2692ea83c,b7866c75-5e56-36b0-b9c5-c63051677b69,Leticia253 Zaragoza109,F,GENERAL PRACTICE,45 RESNIK RD,SANDWICH,MA,02563,41.7579043,-70.4968152,51,0
9a351fd2-e114-34c5-a460-1c260b4df86b,4eddfa13-f996-3048-9bbc-541b0a29038a,Vince741 Schmidt332,M,GENERAL PRACTICE,736 CAMBRIDGE ST,BRIGHTON,MA,021353601,42.348649949999995,-71.14799584850206,50,0
7667e402-f92a-33a0-96e7-591cc5048c96,845fbd9b-2d1c-39a8-8261-28ae40e4fab2,Bennett146 Rippin620,M,GENERAL PRACTICE,14 PROSPECT STREET,UPTON,MA,015681431,42.1700209025178,-71.59409308099494,132,0
2a4520d0-245d-30b6-9053-073c6679c791,946ec45f-5c4a-361f-b158-927144864133,Glynda607 Harvey63,F,GENERAL PRACTICE,19 MIDSTATE DRIVE  SUITE 130,AUBURN,MA,015011856,42.1894693,-71.85604765,1,0
702314c7-aefb-36eb-a6af-591085abc3b0,bac9dc0c-cb0f-3fa6-aa12-819dd0fb922a,Floy720 Greenfelder433,F,GENERAL PRACTICE,1493 CAMBRIDGE ST,SOMERVILLE,MA,021452935,42.3875968,-71.0994968,37,0
a181f009-42db-3a31-8993-98811554f755,84d5768f-3a21-3da9-aad2-bbf7a3ae2700,Elba502 Schneider199,F,GENERAL PRACTICE,817 MERRIMACK ST,LOWELL,MA,018543548,42.650296999999995,-71.32263756223612,46,0
ef46fcb8-f352-39a9-bb28-e96527afa04c,9ce6072b-d039-3cde-8eaf-950211b8ae88,Saul605 Ratke343,M,GENERAL PRACTICE,147 S MAIN ST,MIDDLETON,MA,019492446,42.585787222720036,-71.00861442427218,7,0
05a5ff92-6d0e-3247-80b7-1147b6f436ed,af8566eb-8918-3ec7-ba44-92b6a2cf8097,Trevor374 Walker122,M,GENERAL PRACTICE,81 HIGHLAND AVE,SALEM,MA,019702714,42.5112107,-70.90516241826194,219,0
1c1757cf-82e0-344d-8159-45e0c04346c9,d4a03501-69f6-3a89-ac27-ed25976fdb6f,Virgen207 Hyatt152,F,GENERAL PRACTICE,25 WOODLAND ROAD,STONEHAM,MA,021801705,42.450448800000004,-71.09076944938434,17,0
f613e9f0-e96f-3e74-9c8c-370bdc577c14,ecd3b321-0a8a-3ce6-81f0-982dd77fce43,Hunter736 Lesch175,M,GENERAL PRACTICE,25 HIGHLAND AVE,NEWBURYPORT,MA,019503867,42.81369325,-70.89091645747592,1,0
47d26f78-2596-3397-ae5e-6a678d1d2f95,a036cdf2-bbc5-3ffd-987f-56e437fd8b74,Lashanda692 Gutmann970,F,GENERAL PRACTICE,265 N MAIN ST,SOUTH YARMOUTH,MA,026642083,41.680980000000005,-70.18292625685085,20,0
3f40798f-46e6-3c40-b3e3-57dba6a69b67,4f5e8f16-a31b-3071-8556-d7188ede313d,Barrett790 Wolf938,M,GENERAL PRACTICE,575 BEECH ST,HOLYOKE,MA,010402223,42.20105435,-72.628169560868,266,0
c85ea38c-4d3b-30c6-928d-3fafd76861ed,69cb2157-b620-3c51-9c94-f516462d2d55,Anh979 Schroeder447,F,GENERAL PRACTICE,11 WATER ST,ARLINGTON,MA,02476,42.41642055,-71.15424293038585,68,0
5db450b3-0809-36bb-a1ff-7a73237e6a64,ae3eab22-8868-37bb-9a59-2b8bfe14bf34,Elise948 Smitham825,F,GENERAL PRACTICE,2033 MAIN STREET,ATHOL,MA,01331,42.58522105,-72.20868129339888,167,0
6516ceae-9e95-3c8a-8ac1-077d5a5904a0,9a20d707-68e4-32c0-b2b2-2f5d5c2012cd,Lorinda137 Pouros728,F,GENERAL PRACTICE,131 CAMBRIDGE ST STE 1,BURLINGTON,MA,018033711,42.50284395,-71.19574553661971,41,0
303312cd-89e6-3929-818c-5d1c71d2e28c,8887c942-34a1-3087-a4b3-81dcd1bd9f36,Roderick835 Pollich983,M,GENERAL PRACTICE,1199 JOHN FITCH HWY,FITCHBURG,MA,014202026,42.59851915,-71.7934564896979,1,0
b11829c5-5af4-384f-9f5a-c95b1a200bc8,41f66e18-8eb7-32f2-9371-7df5bf2b8d21,Lourdes258 Ozuna605,F,GENERAL PRACTICE,170 UNIVERSITY DRIVE,GREENFIELD,MA,013011238,42.6097476,-72.5979752,24,0
7a94a54a-e640-3287-abaa-c3b6895532e7,a25107f7-f4f5-36fc-98e4-f3e1b5875c91,Yesenia104 Wilderman619,F,GENERAL PRACTICE,1285 BEACON ST,WOBURN,MA,018012157,42.4979478,-71.1684508,14,0
01f3ed31-f31e-3e94-880d-d86ee2af1dac,0e6c3ad1-24c1-34cb-bb6d-e8438fa319e2,Vern731 Casper496,M,GENERAL PRACTICE,50 DODGE ST,SWAMPSCOTT,MA,019071300,42.4699241,-70.9171507,22,0
ff49a013-901f-3a5d-a4f4-2700a638088a,b4ca31a9-9d34-3ea1-93c4-443941622304,Emory494 Nicolas769,M,GENERAL PRACTICE,102 MAIN ST,GREENFIELD,MA,013013224,42.5879173,-72.6055828841603,52,0
a4920336-ee43-3c1e-b273-2f0459083aac,43ee6bb5-8efa-3bfc-8ca8-1579a5267753,Kristopher775 Roob72,M,GENERAL PRACTICE,235 N PEARL ST,BROCKTON,MA,023011794,42.09805395,-71.0609587194362,20,0
f580c508-a1d4-3e4a-bd20-39c7b41681ea,3695125c-c052-3ece-898a-2a6448987ae5,Sean831 DuBuque211,M,GENERAL PRACTICE,2040 BOSTON RD STE 5,WILBRAHAM,MA,010951380,42.150295650000004,-72.47288272264812,11,0
733fe1cd-67a5-3ace-a53e-dd31a612cbdb,45db4ed7-a93e-3946-9c31-b567ca373de6,Bell723 Toy286,F,GENERAL PRACTICE,7 Drydock Ave  Suite 2070,Boston,MA,02210,42.34461,-71.03728,7,0
c3f12f42-9911-385e-9e35-5131daa1031f,05fcf001-ab24-3d7d-85f7-f64942d82738,Leonarda398 Schumm995,F,GENERAL PRACTICE,250 POND STREET,FRAMINGHAM,MA,017014592,42.2838619,-71.4093719,207,0
7a1aae78-4a47-31af-bd1e-3b1e1c2c0b93,8789c07e-d15d-378d-ba2b-d2b49ebb6db4,Monty345 Bosco882,M,GENERAL PRACTICE,800 WASHINGTON ST,WOBURN,MA,018011976,42.4946907,-71.1242899,77,0
05c89f6e-fc3e-3a77-bfa1-c1a161d8a43b,7e6db51f-7c1b-3555-9e1c-6269ba6d704d,Silvia880 Bravo546,F,GENERAL PRACTICE,120 STAFFORD STREET SUITE 206,WORCESTER,MA,016031461,42.239638,-71.8443785891577,3,0
0ffbf77d-884f-3fe3-8f41-8589e1184068,e87cda4c-1ad8-3a9e-b55f-7bfe987610ce,Josh874 Bechtelar572,M,GENERAL PRACTICE,326 NICHOLS RD,FITCHBURG,MA,014201914,42.5974358,-71.80761197366103,49,0
cc25d818-cf62-36be-b062-1152d35defbb,e7b77e8f-b607-3273-aef9-ad1bca48813f,Ivonne773 Turcotte120,F,GENERAL PRACTICE,209 W CENTRAL ST STE 216,NATICK,MA,017603716,42.28202598359604,-71.3899479380402,17,0
48bc0c4b-af90-3cc0-b5ae-0e887d880eb8,62ccfb55-1f60-3450-a607-706bedc9ef4e,Gerda633 Greenholt190,F,GENERAL PRACTICE,120 MURRAY STREET,MEDFORD,MA,021551300,42.42974035,-71.08853906104483,1,0
f4c66225-30c6-3568-b345-fd47afb13757,f68ebf98-ba5b-35af-b2bd-da56cc5b13be,Jen355 Hintz995,F,GENERAL PRACTICE,270 LITTLETON RD STE 22,WESTFORD,MA,018863524,42.5569148,-71.4366336131239,1,0
0ba46d8a-603b-3863-987f-18954c4af5f6,a537b406-fdfa-36b4-84da-12512e7e6c63,Ernesto186 Davis923,M,GENERAL PRACTICE,795 MIDDLE ST,STOUGHTON,MA,020721829,42.1252079,-71.1022015,64,0
0afde6da-3dc0-35b2-9cef-f19fb48111c4,c217aecf-c449-347c-b150-5c51f365c961,Ayana300 Langosh790,F,GENERAL PRACTICE,282 CABOT ST,HOLYOKE,MA,010403141,42.207214896551726,-72.62053189655173,1,0
cd93274b-ce03-377f-a445-265dd7d4742a,e5d50afe-8c7d-35f5-96f5-fb8941403b0f,Amparo58 Hayes766,F,GENERAL PRACTICE,125 S CLARK ST STE 900,FALL RIVER,MA,02722,41.74223,-71.129706,30,0
421b3196-8c33-3068-a190-3c28569e9bbd,7baecfbc-ac9c-3f96-9db7-6453ab224b73,Tamra871 Kerluke267,F,GENERAL PRACTICE,675 MAIN ST,MELROSE,MA,02176,42.4586199,-71.0629807,49,0
534d8f32-077d-3771-bbf8-caacaba9fccd,8dcaef28-eeff-348a-b5f6-cc14f3cf5ec8,Lorena247 Rodríguez701,F,GENERAL PRACTICE,135 BENTON DRIVE,EAST LONGMEADOW,MA,010283117,42.05060015,-72.53143410709065,1,0
2e4a16c3-a146-3f6e-bdfa-78c80bf0b5a2,9adfae03-673d-365d-9052-f705098fa3e4,Daniel959 Wolff180,M,GENERAL PRACTICE,51 BLOSSOM ST,BOSTON,MA,021142699,42.36305545,-71.06643399281765,718,0
a21cd7ca-f326-3c71-8c15-d5a974adb07b,46912be1-43b9-3c0c-9fbd-3d123f2eacc6,Vernita491 Kutch271,F,GENERAL PRACTICE,821 DANIEL SHAYS HWY,ATHOL,MA,013316903,42.572540548950265,-72.2674105528448,1,0
53f0e35a-9092-3d16-890e-bc53412d089d,48a07866-e8d7-3268-aa3c-ca3237c8e6f3,Devona405 Stamm704,F,GENERAL PRACTICE,188 PROVIDENCE ST,HYDE PARK,MA,021361861,42.2682551,-71.12174592925336,41,0
816e5d23-159c-3ce9-95c5-966cbb64fc52,a130ed39-d3a2-3b2a-91fe-0c14f5e26eb2,Chery887 Nicolas769,F,GENERAL PRACTICE,EAST CREEK ROAD,NANTUCKET,MA,025544015,41.273999,-70.091114,5,0
1bafe30f-ff9b-3a09-8383-64ee30f00695,89171335-b9c0-3326-98d6-a837d432b9fd,Lorette239 Hauck852,F,GENERAL PRACTICE,150 FLANDERS ROAD,LYNN,MA,019042915,42.466763,-70.9494939,41,0
84402f29-7117-39e4-94a6-58a04633dd47,7cd7fc5c-3fa7-3b6e-b3c9-0dbaec2a3470,Frederica279 Roberts511,F,GENERAL PRACTICE,505 FRONT STREET,CHICOPEE,MA,010133140,42.14871685,-72.59756969862315,108,0
decf460b-5176-34a7-954f-8b0d633b2acc,01bde980-bf89-3138-8912-7360dff33247,Bradly656 Lang846,M,GENERAL PRACTICE,456 PARK AVE,WORCESTER,MA,016101254,42.25512735,-71.82580924803523,36,0
ce94a6c5-0699-3c85-8417-fc53bafc7d47,979d5316-97f4-335d-af9d-d0afba85dc6a,Bernie827 Borer986,M,GENERAL PRACTICE,57 PROSPECT ST,NANTUCKET,MA,025542799,41.27514065,-70.10108985970798,36,0
963dd15b-f032-3a10-b787-f10ea8e1447f,217cb6f6-e822-3831-9d9d-ffa104971042,Cira533 Jakubowski832,F,GENERAL PRACTICE,2 REHABILITATION WAY,WOBURN,MA,018016003,42.46352265,-71.161925472006,223,0
11496c1c-873c-3775-9a67-5cb398b5b8ac,8a6e21d0-da20-3378-8176-4e5ad2b51983,Laine739 Torphy630,F,GENERAL PRACTICE,84 ELM STREET,HOLLISTON,MA,017462138,42.20234485,-71.42493275079366,4,0
6b3a54fa-a5c1-317a-9c2c-5b84fcff2876,4e56c7ec-99e5-3023-8e4f-95ad18a03f06,Duane703 Bosco882,M,GENERAL PRACTICE,28 RIVERSIDE DR STE 101,PEMBROKE,MA,023594947,42.11004715,-70.77534154695786,256,0
5273bdb9-2734-393d-9630-05555f6e9e35,e2a8b444-9b8f-36ff-84c4-05ee98589482,Elmer371 Gusikowski974,M,GENERAL PRACTICE,8 SHIPWAY PL # C-8,CHARLESTOWN,MA,021294301,42.3778749,-71.0619957,155,0
9b441f4c-a09f-386d-81e9-ff03352752b7,71f4c23f-7559-31ff-8f42-a672e80b85a2,Clayton230 Jast432,M,GENERAL PRACTICE,300 FIRST AVENUE,WESTBOROUGH,MA,015812831,42.2694308,-71.6129907,27,0
cf175e8c-f47c-3c75-b376-8c3aa7f902db,3517aff1-b163-3cd5-8fff-19710fcdc1b7,Ladawn167 Cremin516,F,GENERAL PRACTICE,400 HEMENWAY STREET,MARLBOROUGH,MA,017526762,42.36006255767826,-71.5077613040944,2,0
1886c2c8-20c6-3173-ad32-4ee666e32490,121b0ad1-1beb-3caa-9271-3d3f726bb727,Carlos172 Salas880,M,GENERAL PRACTICE,1030 MAIN STREET,WALTHAM,MA,024517447,42.375828,-71.2527956,89,0
28e5caeb-ad89-388e-a3b3-b02a330647d3,f539dc91-4c3b-3c46-be61-7f10b6eb8471,Hugo693 Carter549,M,GENERAL PRACTICE,45 WOBURN ST,WALTHAM,MA,024527919,42.407845949999995,-71.21867165257288,1,0
dfe9dea4-e2f7-34e2-9dbd-493e47bfb298,f6ba791e-fe68-3596-bef4-60751db6a60e,Freeda113 Crooks415,F,GENERAL PRACTICE,37 BIRCH STREET,MILFORD,MA,017575501,42.1424349,-71.48943173357203,7,0
6d862b87-fcfe-34d3-a491-1fa844505248,e1892a2c-6dca-3c4c-93b7-0e00a9eb8b61,Maragaret140 Erdman779,F,GENERAL PRACTICE,20 EAST ST,HANOVER,MA,023391638,42.1278249,-70.82664947485381,14,0
2ff8f694-7d1f-3083-8fe9-dec51ef0851b,67cade01-dcfe-37b7-8e2c-b712d9e6fbba,Terrence276 Wintheiser220,M,GENERAL PRACTICE,694 MAIN ST,HOLDEN,MA,015201862,42.3406819,-71.8390289,92,0
33c4d493-b292-3cd3-b39a-0ec277eb4a1d,b954c464-11ea-312b-a3f8-1350775bfa54,Rupert654 Walker122,M,GENERAL PRACTICE,123 CAPTAIN'S ROW,CHELSEA,MA,021504019,42.3917638,-71.0328284,8,0
1b208ec7-fbce-3155-8342-7afa40e80dcc,4d3ec6c2-f6aa-3d7b-adcc-e7107dac8530,Elsa29 Schultz619,F,GENERAL PRACTICE,14 MASONIC CIRCLE,AUBURN,MA,015011341,42.181923125,-71.86839612499999,67,0
9ad46ba3-815b-351c-bef6-94a2aac1b21d,95f6c328-96dd-3fb8-a56e-9aad566094b4,Milda157 Schoen8,F,GENERAL PRACTICE,4 STONY HILL ROAD,WILBRAHAM,MA,010951027,42.1552861,-72.48384800788648,23,0
fb88f1c8-d45e-344a-9cff-4b469018efbe,485ae27b-c5ba-3fd0-9a16-c9eea20be185,Lael572 Kris249,F,GENERAL PRACTICE,275 MARTINE STREET  SUITE 202,FALL RIVER,MA,027231518,41.68393816525316,-71.1220830626733,5,0
d06c1815-4606-3464-aee2-9ce69cce308a,6d16a8e3-3569-38ab-afac-a2f8c1125085,Miguelina323 Crona259,F,GENERAL PRACTICE,1010 WALTHAM STREET,LEXINGTON,MA,024218052,42.4139392,-71.22929265883278,11,0
50361029-2c62-3bd8-a4db-cbd917c745d4,76baa51d-0d0f-359d-a07b-7b999a43d42e,Lincoln623 Gibson10,M,GENERAL PRACTICE,101 STATION DR STE 240,WESTWOOD,MA,020902336,42.20728361922244,-71.15698168263435,41,0
0f08d58c-fdea-3fbd-aeb4-db12759f399a,02d7b144-352f-3eac-97db-6fc4a95bf1fa,Greta919 Reinger292,F,GENERAL PRACTICE,120 SEMINARY AVENUE,AUBURNDALE,MA,024662650,42.34002614299451,-71.24911543639162,6,0
40fee927-b94b-3240-b2f2-e8021df12e51,53f086de-2fc7-3d35-92c2-aca4ed944e7f,Manuela585 Meza847,F,GENERAL PRACTICE,1 GENERAL ST,LAWRENCE,MA,018412961,42.7097143,-71.15007700778098,73,0
7f690fdc-40ed-3db8-90c2-80e4db0b1fcb,20f63278-6709-3195-b767-782d2a10bd5c,Stacee229 Krajcik437,F,GENERAL PRACTICE,640 CONCORD AVENUE,CAMBRIDGE,MA,021381116,42.389222000000004,-71.14799280677965,11,0
554d5be4-5aba-3676-92bb-b35a38bc5038,c709c5eb-ddd7-3778-84f7-0931a4d1c718,Jim478 Goyette777,M,GENERAL PRACTICE,1200 CENTRE ST,ROSLINDALE,MA,021311000,42.29768,-71.130463,69,0
81a58191-321e-3f35-ad48-ee3cce6b976e,c05d73d0-b348-32ce-9fe5-13a720950f37,Abraham100 McDermott739,M,GENERAL PRACTICE,45 DRUM HILL RD,CHELMSFORD,MA,018241503,42.6255635,-71.3615131,19,0
2a8a6985-c463-339c-8352-07ba4fb23f89,ac0fde88-b0ad-3388-a4a8-b8fc2a4f4af2,Bobbye345 Wuckert783,F,GENERAL PRACTICE,150 YORK STREET,STOUGHTON,MA,020729105,42.144646800000004,-71.09875876961266,163,0
19dc4281-d61b-3cdb-ac49-5b5add882de0,0e061004-bcc0-3e99-a237-d700823e817b,Cesar434 Lehner980,M,GENERAL PRACTICE,570 BALDWINVILLE RD,BALDWINVILLE,MA,014361351,42.5953045,-72.07447782689232,62,0
34b195ae-ab08-3712-9ac6-25c444010649,e2d88cfd-5294-39cb-8580-4661141bfaa1,Deedee112 Ernser583,F,GENERAL PRACTICE,195 PLEASANT ST,ATTLEBORO,MA,027032419,41.9502721,-71.27325564751882,1,0
18c61fd1-de5f-3c24-8276-c7504d348b8d,d70d47dc-b40c-3a04-8342-35cbfe716409,Marcelino726 Hilpert278,M,GENERAL PRACTICE,83 LITTLEFIELD RD,NEWTON,MA,024593010,42.3104327,-71.18883283411856,68,0
25f82d65-b24b-3cab-b13d-5c58d6eeff99,0592d4e5-a0fb-3143-83cd-8e5a6b066a96,Vicente970 Gallardo890,M,GENERAL PRACTICE,20 EAST ST,HANOVER,MA,023391638,42.1278249,-70.82664947485381,123,0
fc63d5ba-dda1-341c-b1cb-756810f9dc68,c67ca7ed-4769-3b6c-a0a9-993f1227ff10,Allen322 Veum823,M,GENERAL PRACTICE,1 BLACKBURN DR,GLOUCESTER,MA,019302237,42.6269312,-70.65555242413386,49,0
8655a7b4-2b72-351d-8a5b-e09b4de3eadd,7b5bf0fc-c5c0-3f22-980b-fdfff326a9b4,Tabitha433 Kling921,F,GENERAL PRACTICE,40 CUMBERLAND AVE,NORTH ATTLEBORO,MA,027604445,41.9316677,-71.35407469790115,2,0
36a76f93-2f66-31b3-9af1-72979cd393f5,ba07b31b-bf14-39b8-be95-4c5ca5062daa,Kim439 Hyatt152,M,GENERAL PRACTICE,1575 CAMBRIDGE ST,CAMBRIDGE,MA,021384308,42.375209549999994,-71.10711344152975,222,0
f0b975b8-7c51-3825-b36c-c45bd779392e,6aae7a31-90df-3455-ad8d-81f8cf2d21e8,Damaris45 Funk324,F,GENERAL PRACTICE,680 CENTRE ST,BROCKTON,MA,023023308,42.0872752,-70.9910738855076,317,0
cb8506e7-d776-3be9-9e47-1ca5dcd50020,14036728-b721-3e4b-8755-8ee8ab6ed15e,Rocky100 Schmeler639,M,GENERAL PRACTICE,625 MOUNT AUBURN ST,CAMBRIDGE,MA,021384518,42.375351,-71.1468628,151,0
6d867177-6b70-344d-999c-1725306d4837,104079d4-560e-3eb8-9a48-d495835a3997,Paris331 Schmeler639,M,GENERAL PRACTICE,68 CAMP ST,MASHPEE,MA,026493465,41.6484421,-70.4811383,108,0
